vehicle_id,title,description,url,make,model,year,mileage.value,mileage.unit,transmission,fuel_type,body_style,drivetrain,vin,condition,price,address,exterior_color,sale_price,availability,state_of_vehicle,latitude,longitude,image[0].url,image[1].url,image[1].tag[0],image[2].url,image[2].tag[0],image[2].tag[1],image[2].tag[2],image[3].url,image[3].tag[0]
U9274,2021 Ford Everest Trend UA II 2.0L,"Introducing the Demo ALUMINIUM 2021 Ford Everest Trend UA II, a remarkable SUV that perfectly balances style, comfort, and capability. Designed for larger families and outdoor enthusiasts alike, this vehicle boasts a spacious interior with the capacity to accommodate 7+ passengers, making it an excellent choice for those needing extra room for children, extended family, or carpooling. With its robust 4WD/4X4 capability and elevated ground clearance, the Ford Everest is ready to tackle unpaved terrain, whether you're camping, touring, or navigating rural roads.

The Everest is packed with features to enhance your driving experience, including advanced safety technologies, luxurious leather seats, and modern connectivity options. Experience the peace of mind that comes with a 5 Star ANCAP Safety Rating, ensuring your family's safety is a top priority. 

Key Features of the 2021 Ford Everest Trend UA II:
- Climate Control
- Bluetooth
- Reversing Camera
- Keyless Start
- Lane Departure Warning
- Lane Keeping Active Assist
- Leather Seats
- Android Auto
- Apple CarPlay
- 7+ Seats
- 5 Star ANCAP Safety Rating

Discover the perfect blend of adventure and comfort with the Ford Everest. Visit us today to experience it for yourself!",https://www.carbuy.com.au/cars/used-aluminium-2021-ford-everest-u9274,Ford,Everest,2021,76169,KM,AUTOMATIC,DIESEL,SUV,NONE,MNAAXXMAWAMK63222,EXCELLENT,33248.00 AUD,"{""addr1"":""190-192 Atherton Rd"",""city"":""Oakleigh"",""region"":""VIC"",""postal_code"":3166,""country"":""Australia""}",Silver,,AVAILABLE,USED,-37.90096,145.104713,https://joshhalsallcmg.github.io/carbuy-tiles/U9274_1x1_83dbcf13.jpg,https://joshhalsallcmg.github.io/carbuy-tiles/U9274_4x5_4f893375.jpg,ASPECT_RATIO_4_5_PREFERRED,https://joshhalsallcmg.github.io/carbuy-tiles/U9274_9x16_f2d4a7cf.jpg,STORY_PREFERRED,REELS_PREFERRED,ASPECT_RATIO_9_16_PREFERRED,https://d2s8i866417m9.cloudfront.net/photo/48216649/photo/medium-d221b98b5c2d1dfe763c405dc7e85ed4.jpg,original_photo
U9493,2020 Mazda CX-3 Maxx Sport DK,"Discover the perfect blend of style, safety, and practicality with this Used Grey 2020 Mazda CX-3 Maxx Sport DK. This compact SUV is an excellent choice for families, offering a spacious interior designed for comfort and convenience, making everyday transportation a breeze. With its 5-star ANCAP safety rating, you can drive with confidence knowing your loved ones are protected. The advanced technology features, including Bluetooth connectivity and smartphone integration, ensure that you stay connected on the go. Plus, the reversing camera and cruise control enhance your driving experience, making it a fantastic option for parents with young children.

Key features of this Mazda CX-3 include:

- Bluetooth
- Reversing Camera
- Cruise Control
- Keyless Start
- Android Auto
- Apple CarPlay
- 5 Star ANCAP Safety Rating

Don't miss out on this exceptional vehicle that combines safety, functionality, and modern technology in one stylish package.",https://www.carbuy.com.au/cars/used-grey-2020-mazda-cx-3-u9493,Mazda,CX-3,2020,28750,KM,AUTOMATIC,GASOLINE,SUV,NONE,JM0DK2W7A01650436,EXCELLENT,22988.00 AUD,"{""addr1"":""190-192 Atherton Rd"",""city"":""Oakleigh"",""region"":""VIC"",""postal_code"":3166,""country"":""Australia""}",Grey,,AVAILABLE,USED,-37.90096,145.104713,https://joshhalsallcmg.github.io/carbuy-tiles/U9493_1x1_9b9efebe.jpg,https://joshhalsallcmg.github.io/carbuy-tiles/U9493_4x5_2d91457b.jpg,ASPECT_RATIO_4_5_PREFERRED,https://joshhalsallcmg.github.io/carbuy-tiles/U9493_9x16_cc1a5fbb.jpg,STORY_PREFERRED,REELS_PREFERRED,ASPECT_RATIO_9_16_PREFERRED,https://d2s8i866417m9.cloudfront.net/photo/56429203/photo/medium-b66c5c82f17a53cc0115787feb2c355a.jpg,original_photo
U9644,2025 Ford Everest Trend 2.0L,"Introducing the impressive 2025 Ford Everest Trend, a versatile SUV that caters to the needs of larger families and outdoor enthusiasts alike. With its spacious interior and seven seats, this vehicle provides ample room for children, extended family, or friends, making it perfect for carpooling and family outings. The rugged design and elevated ground clearance ensure that you can confidently tackle unpaved terrains, whether you're camping or exploring the great outdoors. 

Equipped with a powerful diesel engine, the Ford Everest Trend combines performance with efficiency, while its array of features enhances comfort and safety. Experience a smooth ride with climate control and leather seats, while staying connected through Bluetooth and wireless charging capabilities. The advanced safety features, including lane departure warning and lane keeping active assist, ensure peace of mind on every journey.

Key Features:
- Climate Control
- Bluetooth
- Reversing Camera
- Keyless Start
- Lane Departure Warning
- Lane Keeping Active Assist
- Leather Seats
- Roof Rails
- Wireless Charging
- 7+ Seats
- 5 Star ANCAP Safety Rating

This SUV is ready to take your family adventures to the next level!",https://www.carbuy.com.au/cars/used-silver-2025-ford-everest-u9644,Ford,Everest,2025,8106,KM,AUTOMATIC,DIESEL,SUV,NONE,MNARXXMAWRSC71428,EXCELLENT,51488.00 AUD,"{""addr1"":""190-192 Atherton Rd"",""city"":""Oakleigh"",""region"":""VIC"",""postal_code"":3166,""country"":""Australia""}",Silver,,AVAILABLE,USED,-37.90096,145.104713,https://joshhalsallcmg.github.io/carbuy-tiles/U9644_1x1_736a2320.jpg,https://joshhalsallcmg.github.io/carbuy-tiles/U9644_4x5_f4cb2ab1.jpg,ASPECT_RATIO_4_5_PREFERRED,https://joshhalsallcmg.github.io/carbuy-tiles/U9644_9x16_281a8ff8.jpg,STORY_PREFERRED,REELS_PREFERRED,ASPECT_RATIO_9_16_PREFERRED,https://d2s8i866417m9.cloudfront.net/photo/56254750/photo/medium-a8dc1c9f91d0e082299eac6b1cd2ff6b.jpg,original_photo
U9661,2025 Chery Tiggo 4 Ultimate,"Introducing the stunning 2025 Chery Tiggo 4 Ultimate in a sleek white finish. This SUV is designed with families in mind, offering a spacious and comfortable interior with five seats, making it perfect for parents and children alike. With features such as climate control and heated seats, every journey will be a pleasurable experience. The advanced safety systems, including lane departure warning and lane keeping active assist, ensure peace of mind on the road. Additionally, the vehicle is equipped with modern technology like Apple CarPlay and Android Auto, providing seamless connectivity. Enjoy the convenience of keyless start and wireless charging, along with the luxury of a sunroof for those sunny days.

Features include:  
Climate Control  
Bluetooth  
Reversing Camera  
Heated Seats  
Keyless Start  
Lane Departure Warning  
Lane Keeping Active Assist  
Roof Rails  
Android Auto  
Apple CarPlay  
Sunroof  
Wireless Charging  
5 Star ANCAP Safety Rating  

This Chery Tiggo 4 Ultimate is the perfect blend of style, safety, and practicality for your family's everyday transport needs.",https://www.carbuy.com.au/cars/used-white-2025-chery-tiggo-4-u9661,Chery,Tiggo 4,2025,3584,KM,AUTOMATIC,GASOLINE,SUV,NONE,LVVDB21B8SC107554,EXCELLENT,23488.00 AUD,"{""addr1"":""190-192 Atherton Rd"",""city"":""Oakleigh"",""region"":""VIC"",""postal_code"":3166,""country"":""Australia""}",White,,AVAILABLE,USED,-37.90096,145.104713,https://joshhalsallcmg.github.io/carbuy-tiles/U9661_1x1_a4e56eec.jpg,https://joshhalsallcmg.github.io/carbuy-tiles/U9661_4x5_e9fcdf6f.jpg,ASPECT_RATIO_4_5_PREFERRED,https://joshhalsallcmg.github.io/carbuy-tiles/U9661_9x16_2b8f6919.jpg,STORY_PREFERRED,REELS_PREFERRED,ASPECT_RATIO_9_16_PREFERRED,https://d2s8i866417m9.cloudfront.net/photo/62791724/photo/medium-75f34245667bfc81762741eaf55d4a8f.jpg,original_photo
U9757,2024 Chery Tiggo 8 Pro Max Urban,"Discover the perfect blend of style, comfort, and versatility with the used 2024 Chery Tiggo 8 Pro Max Urban. This stunning silver SUV is designed for larger families, offering ample space and seating for up to seven passengers. Whether you're commuting the kids to school or planning a family getaway, the Tiggo 8 Pro Max ensures everyone travels in comfort with its premium features and spacious interior. 

Equipped with advanced technology and safety features, this vehicle prioritises your family's well-being. Enjoy the convenience of modern connectivity and climate control, making every journey enjoyable for all occupants. 

Key Features:  
- Climate Control  
- Bluetooth  
- Reversing Camera  
- Electric Seats  
- Heated Seats  
- Keyless Start  
- Lane Departure Warning  
- Lane Keeping Active Assist  
- Roof Rails  
- Android Auto  
- Apple CarPlay  
- Wireless Charging  
- 7+ Seats  
- 5 Star ANCAP Safety Rating  

Experience the perfect family SUV that combines practicality and luxury in one remarkable package.",https://www.carbuy.com.au/cars/used-silver-2024-chery-tiggo-8-pro-max-u9757,Chery,Tiggo 8 Pro Max,2024,5791,KM,AUTOMATIC,GASOLINE,SUV,NONE,LVTDB24B1RD599692,EXCELLENT,30738.00 AUD,"{""addr1"":""190-192 Atherton Rd"",""city"":""Oakleigh"",""region"":""VIC"",""postal_code"":3166,""country"":""Australia""}",Silver,,AVAILABLE,USED,-37.90096,145.104713,https://joshhalsallcmg.github.io/carbuy-tiles/U9757_1x1_2ee6cb06.jpg,https://joshhalsallcmg.github.io/carbuy-tiles/U9757_4x5_18e832b4.jpg,ASPECT_RATIO_4_5_PREFERRED,https://joshhalsallcmg.github.io/carbuy-tiles/U9757_9x16_1d26b4f4.jpg,STORY_PREFERRED,REELS_PREFERRED,ASPECT_RATIO_9_16_PREFERRED,https://d2s8i866417m9.cloudfront.net/photo/54678870/photo/medium-8801051e9c292fca10270e1c923b31c2.jpg,original_photo
U9784,2025 Hyundai Kona Hybrid SX2.V2,"Introducing the 2025 Hyundai Kona Hybrid SX2.V2, a versatile and eco-friendly SUV that caters to the needs of families and environmentally conscious drivers alike. With its spacious seating for five, this vehicle is perfect for parents navigating daily routines while prioritising safety and comfort. The Kona Hybrid's advanced features make every journey enjoyable, whether you're commuting to work or embarking on a family adventure. 

This SUV incorporates a hybrid engine, allowing for reduced fuel costs and a smaller environmental footprint, making it an excellent choice for those looking to make a positive impact. Equipped with cutting-edge technology and safety features, the Hyundai Kona Hybrid ensures you and your loved ones are well-protected while enjoying modern conveniences.

Features include:

Climate Control  
Bluetooth  
Reversing Camera  
Keyless Start  
Lane Keeping Active Assist  
Roof Rails  
Android Auto  
Apple CarPlay  
Wireless Charging  ",https://www.carbuy.com.au/cars/used-blue-2025-hyundai-kona-u9784,Hyundai,Kona,2025,6565,KM,AUTOMATIC,HYBRID,SUV,NONE,KMHHC811VSU156875,EXCELLENT,35988.00 AUD,"{""addr1"":""190-192 Atherton Rd"",""city"":""Oakleigh"",""region"":""VIC"",""postal_code"":3166,""country"":""Australia""}",Blue,,AVAILABLE,USED,-37.90096,145.104713,https://joshhalsallcmg.github.io/carbuy-tiles/U9784_1x1_074c392e.jpg,https://joshhalsallcmg.github.io/carbuy-tiles/U9784_4x5_bfb0a7d9.jpg,ASPECT_RATIO_4_5_PREFERRED,https://joshhalsallcmg.github.io/carbuy-tiles/U9784_9x16_089df602.jpg,STORY_PREFERRED,REELS_PREFERRED,ASPECT_RATIO_9_16_PREFERRED,https://d2s8i866417m9.cloudfront.net/photo/56224961/photo/medium-7dced53bf5258ea44ac3f0d6315c255e.jpg,original_photo
U9804,2016 Toyota Corolla ZR ZRE182R,"2 KEYS
SERVICE HISTORY
ZR TOP SPEC MODEL
INSPECT & TEST DRIVE TODAY


Introducing the stunning 2016 Toyota Corolla ZR Hatch, a practical and stylish option for families and parents alike. This vehicle boasts a sleek black exterior and a range of features designed to enhance your driving experience. With a spacious interior accommodating five seats, you can comfortably transport your family and friends without compromise. 

Safety is a top priority, and this Corolla comes with a remarkable 5 Star ANCAP Safety Rating, giving you peace of mind on every journey. The vehicle is equipped with modern conveniences that make daily life easier, from climate control to Bluetooth connectivity. Whether you're navigating through the city or embarking on longer trips, features like a reversing camera and cruise control will make your drives more enjoyable. 

Don't miss out on this fantastic hatchback that combines safety, comfort, and practicality.

Features include:

Climate Control  
Bluetooth  
Reversing Camera  
Cruise Control  
Heated Seats  
Keyless Start  
Leather Seats  
5 Star ANCAP Safety Rating  ",https://www.carbuy.com.au/cars/used-black-2016-toyota-corolla-u9804,Toyota,Corolla,2016,95756,KM,AUTOMATIC,GASOLINE,HATCHBACK,NONE,JTNKU3JE20J527780,EXCELLENT,19988.00 AUD,"{""addr1"":""190-192 Atherton Rd"",""city"":""Oakleigh"",""region"":""VIC"",""postal_code"":3166,""country"":""Australia""}",Black,,AVAILABLE,USED,-37.90096,145.104713,https://joshhalsallcmg.github.io/carbuy-tiles/U9804_1x1_9e79c72a.jpg,https://joshhalsallcmg.github.io/carbuy-tiles/U9804_4x5_43b30059.jpg,ASPECT_RATIO_4_5_PREFERRED,https://joshhalsallcmg.github.io/carbuy-tiles/U9804_9x16_878cdd2f.jpg,STORY_PREFERRED,REELS_PREFERRED,ASPECT_RATIO_9_16_PREFERRED,https://d2s8i866417m9.cloudfront.net/photo/57864112/photo/medium-2c28bd35966ba9e0cf6fbe968530b73b.jpg,original_photo
U9822,2016 Toyota Corolla Hybrid ZWE186R,"1 PREVIOUS OWNER
2 KEYS
COMPLETE FERNTREE GULLY TOYOTA SERVICE HISTORY 
(13 RECORDS STAMPPED IN THE BOOKS)
AUSTRALIAN DELIVERED HYBRID COROLLA (NOT AN IMPORT)
PEARL WHITE PAINT OPTION
REGISTRATION UNTIL JANUARY 2027
EXCELLENT CONDITION
INSPECT & TEST DRIVE TODAY



Discover the perfect blend of practicality and eco-friendliness with this used 2016 Toyota Corolla Hybrid Hatch. Designed with families in mind, this vehicle offers a spacious interior with five comfortable seats, making it an excellent choice for parents with young children. Enjoy peace of mind with the 5 Star ANCAP Safety Rating, ensuring your family's safety on every journey. This Corolla Hybrid is equipped with features that enhance your driving experience, such as Climate Control and Bluetooth connectivity for seamless integration with your devices. The Reversing Camera provides added convenience when parking, while Cruise Control makes long drives more enjoyable. With Keyless Start, accessing your vehicle is a breeze, allowing you to focus on what matters most.

Key features include:

Climate Control  
Bluetooth  
Reversing Camera  
Cruise Control  
Keyless Start  
5 Star ANCAP Safety Rating  

Embrace a practical and sustainable driving option with this impressive Toyota Corolla Hybrid.",https://www.carbuy.com.au/cars/used-white-2016-toyota-corolla-u9822,Toyota,Corolla,2016,111435,KM,AUTOMATIC,HYBRID,HATCHBACK,NONE,JTNKN3JE80J501679,EXCELLENT,18988.00 AUD,"{""addr1"":""190-192 Atherton Rd"",""city"":""Oakleigh"",""region"":""VIC"",""postal_code"":3166,""country"":""Australia""}",White,,AVAILABLE,USED,-37.90096,145.104713,https://joshhalsallcmg.github.io/carbuy-tiles/U9822_1x1_4145192e.jpg,https://joshhalsallcmg.github.io/carbuy-tiles/U9822_4x5_5207573a.jpg,ASPECT_RATIO_4_5_PREFERRED,https://joshhalsallcmg.github.io/carbuy-tiles/U9822_9x16_c5d083d0.jpg,STORY_PREFERRED,REELS_PREFERRED,ASPECT_RATIO_9_16_PREFERRED,https://d2s8i866417m9.cloudfront.net/photo/58634676/photo/medium-3df3e66dc9bb28b7dd5de3401d9e2bd6.jpg,original_photo
U9834,2015 Toyota Yaris Ascent NCP130R,"2 KEYS
TOYOTA DEALERSHIP SERVICE HISTORY
5 DOOR & MANUAL TRANSMISSION
EXCELLENT CONDITION
INSPECT & TEST DRIVE TODAY



Introducing the 2015 Toyota Yaris Ascent NCP130R, a reliable and stylish hatchback that perfectly meets the needs of families and parents with young children. With its practical design and spacious interior, this vehicle is perfect for everyday transportation, ensuring comfort and safety on all your journeys. The Yaris comes equipped with a range of modern features that enhance your driving experience and provide peace of mind. Enjoy the convenience of Bluetooth connectivity for hands-free calls and music streaming, while the reversing camera helps you navigate tight spots with ease. Additionally, the cruise control feature allows for relaxed driving on longer trips, and you can rest assured knowing it boasts a 5 Star ANCAP Safety Rating.

Key Features:
- Bluetooth
- Reversing Camera
- Cruise Control
- 5 Star ANCAP Safety Rating

Come and experience the Toyota Yaris today; it may just be the perfect addition to your family!",https://www.carbuy.com.au/cars/used-white-2015-toyota-yaris-u9834,Toyota,Yaris,2015,119979,KM,MANUAL,GASOLINE,HATCHBACK,NONE,JTDKW3D300D564186,EXCELLENT,10988.00 AUD,"{""addr1"":""190-192 Atherton Rd"",""city"":""Oakleigh"",""region"":""VIC"",""postal_code"":3166,""country"":""Australia""}",White,,AVAILABLE,USED,-37.90096,145.104713,https://joshhalsallcmg.github.io/carbuy-tiles/U9834_1x1_529c1741.jpg,https://joshhalsallcmg.github.io/carbuy-tiles/U9834_4x5_3651f218.jpg,ASPECT_RATIO_4_5_PREFERRED,https://joshhalsallcmg.github.io/carbuy-tiles/U9834_9x16_b622f821.jpg,STORY_PREFERRED,REELS_PREFERRED,ASPECT_RATIO_9_16_PREFERRED,https://d2s8i866417m9.cloudfront.net/photo/59536176/photo/medium-330fa050d490b341695a6e26cbac9f80.jpg,original_photo
U9849,2025 Hyundai Santa Fe Calligraphy MX5.V1,"Introducing the striking 2025 Hyundai Santa Fe Calligraphy MX5.V1 in a vibrant orange finish, designed to cater to the needs of larger families and those requiring extra passenger capacity. This spacious SUV comfortably seats seven, making it perfect for transporting multiple children, extended family, or friends. With a host of premium features, this vehicle ensures a comfortable and safe driving experience. The advanced safety technologies, combined with a luxurious interior, make every journey enjoyable. Explore the versatility and practicality that this SUV has to offer, and discover how it can enhance your family's travels.

Features include:

Climate Control  
Reversing Camera  
Electric Seats  
Heated Seats  
Keyless Start  
Lane Departure Warning  
Lane Keeping Active Assist  
Roof Rails  
Android Auto  
Apple CarPlay  
Sunroof  
Wireless Charging  
7+ Seats  
5 Star ANCAP Safety Rating  ",https://www.carbuy.com.au/cars/used-orange-2025-hyundai-santa-fe-u9849,Hyundai,Santa Fe,2025,10474,KM,AUTOMATIC,GASOLINE,SUV,NONE,KMHP381LWSU055824,EXCELLENT,54488.00 AUD,"{""addr1"":""190-192 Atherton Rd"",""city"":""Oakleigh"",""region"":""VIC"",""postal_code"":3166,""country"":""Australia""}",Orange,,AVAILABLE,USED,-37.90096,145.104713,https://joshhalsallcmg.github.io/carbuy-tiles/U9849_1x1_35bcd1ab.jpg,https://joshhalsallcmg.github.io/carbuy-tiles/U9849_4x5_c7772e98.jpg,ASPECT_RATIO_4_5_PREFERRED,https://joshhalsallcmg.github.io/carbuy-tiles/U9849_9x16_4202b9ee.jpg,STORY_PREFERRED,REELS_PREFERRED,ASPECT_RATIO_9_16_PREFERRED,https://d2s8i866417m9.cloudfront.net/photo/59190999/photo/medium-57cc0c78899580dc074c0f4641957d0a.jpg,original_photo
U9852,2025 Hyundai Santa Fe Calligraphy MX5.V1,"Introducing the stunning 2025 Hyundai Santa Fe Calligraphy MX5.V1, a versatile SUV designed for larger families and those in need of additional passenger capacity. With its spacious interior accommodating seven seats, this vehicle is perfect for multiple children, extended family gatherings, or carpooling with friends. Equipped with an array of premium features, this Santa Fe ensures comfort, convenience, and safety for every journey.

This model boasts a 5-star ANCAP safety rating, providing peace of mind for you and your loved ones. The advanced technology and luxurious touches, like the sunroof and wireless charging, make every drive enjoyable. Experience the perfect blend of functionality and style with this exceptional SUV.

Features include:
- Climate Control
- Reversing Camera
- Electric Seats
- Heated Seats
- Keyless Start
- Lane Departure Warning
- Lane Keeping Active Assist
- Roof Rails
- Android Auto
- Apple CarPlay
- Sunroof
- Wireless Charging
- 7+ Seats
- 5 Star ANCAP Safety Rating",https://www.carbuy.com.au/cars/used-white-2025-hyundai-santa-fe-u9852,Hyundai,Santa Fe,2025,18515,KM,AUTOMATIC,GASOLINE,SUV,NONE,KMHP381LWSU055873,EXCELLENT,56988.00 AUD,"{""addr1"":""190-192 Atherton Rd"",""city"":""Oakleigh"",""region"":""VIC"",""postal_code"":3166,""country"":""Australia""}",White,,AVAILABLE,USED,-37.90096,145.104713,https://joshhalsallcmg.github.io/carbuy-tiles/U9852_1x1_343e1fc7.jpg,https://joshhalsallcmg.github.io/carbuy-tiles/U9852_4x5_4fcb9476.jpg,ASPECT_RATIO_4_5_PREFERRED,https://joshhalsallcmg.github.io/carbuy-tiles/U9852_9x16_e92699c0.jpg,STORY_PREFERRED,REELS_PREFERRED,ASPECT_RATIO_9_16_PREFERRED,https://d2s8i866417m9.cloudfront.net/photo/58446969/photo/medium-d578cb971d1ee92b301e645c281533db.jpg,original_photo
U9853,2025 Hyundai Santa Fe Calligraphy MX5.V1,"Introducing the stunning 2025 Hyundai Santa Fe Calligraphy MX5.V1, a versatile SUV that perfectly caters to the needs of larger families. With its spacious 7-seat configuration, this vehicle ensures comfort for all passengers, making it an excellent choice for those who often travel with children or extended family. The Santa Fe is packed with advanced features designed to enhance your driving experience, including climate control for year-round comfort and a reversing camera for added convenience when parking. 

Safety is paramount with a 5 Star ANCAP Safety Rating, giving you peace of mind on every journey. The combination of modern technology and luxurious touches, such as heated seats and a sunroof, makes every ride enjoyable. Don't miss out on this exceptional family vehicle!

Features include:

Climate Control  
Reversing Camera  
Electric Seats  
Heated Seats  
Keyless Start  
Lane Departure Warning  
Lane Keeping Active Assist  
Roof Rails  
Android Auto  
Apple CarPlay  
Sunroof  
Wireless Charging  
7+ Seats  
5 Star ANCAP Safety Rating  ",https://www.carbuy.com.au/cars/used-white-2025-hyundai-santa-fe-u9853,Hyundai,Santa Fe,2025,14455,KM,AUTOMATIC,GASOLINE,SUV,NONE,KMHP381LWSU052368,EXCELLENT,58988.00 AUD,"{""addr1"":""190-192 Atherton Rd"",""city"":""Oakleigh"",""region"":""VIC"",""postal_code"":3166,""country"":""Australia""}",White,,AVAILABLE,USED,-37.90096,145.104713,https://joshhalsallcmg.github.io/carbuy-tiles/U9853_1x1_0b0ea01e.jpg,https://joshhalsallcmg.github.io/carbuy-tiles/U9853_4x5_458fa350.jpg,ASPECT_RATIO_4_5_PREFERRED,https://joshhalsallcmg.github.io/carbuy-tiles/U9853_9x16_f769627a.jpg,STORY_PREFERRED,REELS_PREFERRED,ASPECT_RATIO_9_16_PREFERRED,https://d2s8i866417m9.cloudfront.net/photo/59003192/photo/medium-20c680fa352c567ff772fe08d448d5dd.jpg,original_photo
U9867,2022 Hyundai STARIA Elite US4.V1,"THIS PEOPLE MOVER IS READY TO TAKE THE WHOLE FAMILY AND MORE

2 KEYS
SERVICED RECENTLY
WELL MAINTAINED EXTERIOR AND INTERIOR
READY TO INSPECT AND TEST DRIVE TODAY


Introducing the Used Grey 2022 Hyundai STARIA Elite US4.V1, a perfect choice for larger families or those who require extra passenger capacity. With 8 seats, this spacious SUV provides ample room for your children, extended family, or friends. The advanced features ensure comfort and safety on every journey, making it an excellent option for carpooling or family outings. The 5 Star ANCAP Safety Rating reflects Hyundai's commitment to safety, while the modern technology keeps you connected and entertained on the go. Don't miss your chance to own a vehicle that combines practicality with style and innovation.

Features include:

- Climate Control
- Bluetooth
- Reversing Camera
- Keyless Start
- Lane Departure Warning
- Lane Keeping Active Assist
- Android Auto
- Apple CarPlay
- Wireless Charging
- 7+ Seats
- 8+ Seats
- 5 Star ANCAP Safety Rating",https://www.carbuy.com.au/cars/used-grey-2022-hyundai-staria-u9867,Hyundai,STARIA,2022,141230,KM,AUTOMATIC,DIESEL,SUV,NONE,KMHYC811SNU068048,EXCELLENT,31488.00 AUD,"{""addr1"":""190-192 Atherton Rd"",""city"":""Oakleigh"",""region"":""VIC"",""postal_code"":3166,""country"":""Australia""}",Grey,,AVAILABLE,USED,-37.90096,145.104713,https://joshhalsallcmg.github.io/carbuy-tiles/U9867_1x1_d98de175.jpg,https://joshhalsallcmg.github.io/carbuy-tiles/U9867_4x5_702b2fed.jpg,ASPECT_RATIO_4_5_PREFERRED,https://joshhalsallcmg.github.io/carbuy-tiles/U9867_9x16_7e334938.jpg,STORY_PREFERRED,REELS_PREFERRED,ASPECT_RATIO_9_16_PREFERRED,https://d2s8i866417m9.cloudfront.net/photo/59003320/photo/medium-d912a75258c322b2e49bf662783c863e.jpg,original_photo
U9878,2025 Renault Arkana Evolution JL1,"Introducing the 2025 Renault Arkana Evolution JL1, a stylish and practical hatch that perfectly blends functionality with modern design. This used vehicle is an excellent choice for families, providing comfortable seating for five and a range of advanced safety features. With its impressive 5 Star ANCAP Safety Rating, parents can drive with peace of mind knowing their loved ones are well protected. 

The Renault Arkana is not only a family-friendly option but also caters to environmentally conscious buyers with its petrol engine, offering reduced fuel costs without compromising on performance. Equipped with cutting-edge technology, this vehicle ensures you stay connected and safe on the road. 

Key features of the 2025 Renault Arkana Evolution JL1 include:  
- Bluetooth  
- Reversing Camera  
- Lane Departure Warning  
- Lane Keeping Active Assist  
- Wireless Charging  
- 5 Star ANCAP Safety Rating  

Don’t miss out on the opportunity to own this versatile hatch that meets the needs of modern families while promoting sustainable driving.",https://www.carbuy.com.au/cars/used-white-2025-renault-arkana-u9878,Renault,Arkana,2025,6,KM,AUTOMATIC,GASOLINE,HATCHBACK,NONE,VF1RJL006SC543746,EXCELLENT,30238.00 AUD,"{""addr1"":""190-192 Atherton Rd"",""city"":""Oakleigh"",""region"":""VIC"",""postal_code"":3166,""country"":""Australia""}",White,,AVAILABLE,USED,-37.90096,145.104713,https://joshhalsallcmg.github.io/carbuy-tiles/U9878_1x1_931e92f2.jpg,https://joshhalsallcmg.github.io/carbuy-tiles/U9878_4x5_8686e6de.jpg,ASPECT_RATIO_4_5_PREFERRED,https://joshhalsallcmg.github.io/carbuy-tiles/U9878_9x16_1ca2a91f.jpg,STORY_PREFERRED,REELS_PREFERRED,ASPECT_RATIO_9_16_PREFERRED,https://d2s8i866417m9.cloudfront.net/photo/62530703/photo/medium-f5a44865851faf9ccf7f46b26979748a.jpg,original_photo
U9880,2025 Renault Duster Evolution X1311,"Introducing the 2025 Renault Duster Evolution X1311, a versatile SUV that perfectly blends practicality and comfort for families. With its spacious seating for five and a host of advanced features, this vehicle is designed to cater to the needs of parents and environmentally conscious buyers alike. The Duster’s eco-friendly petrol engine ensures lower fuel costs without compromising on performance, making it a great choice for everyday transportation. 

Safety is paramount, and this SUV comes equipped with Lane Departure Warning and Lane Keeping Active Assist, providing peace of mind during your travels. Additionally, the reversing camera enhances visibility, while features like Bluetooth connectivity and wireless charging keep you connected on the go. The inclusion of climate control and cruise control adds to the overall driving experience, ensuring comfort for all passengers. 

Key features include:

- Climate Control  
- Bluetooth  
- Reversing Camera  
- Cruise Control  
- Lane Departure Warning  
- Lane Keeping Active Assist  
- Roof Rails  
- Wireless Charging  

Don't miss the opportunity to experience the perfect family vehicle with the 2025 Renault Duster Evolution X1311.",https://www.carbuy.com.au/cars/used-white-2025-renault-duster-u9880,Renault,Duster,2025,35,KM,AUTOMATIC,GASOLINE,SUV,NONE,VF1RJF015S0871669,EXCELLENT,26238.00 AUD,"{""addr1"":""190-192 Atherton Rd"",""city"":""Oakleigh"",""region"":""VIC"",""postal_code"":3166,""country"":""Australia""}",White,,AVAILABLE,USED,-37.90096,145.104713,https://joshhalsallcmg.github.io/carbuy-tiles/U9880_1x1_d9f65710.jpg,https://joshhalsallcmg.github.io/carbuy-tiles/U9880_4x5_8cf48ed0.jpg,ASPECT_RATIO_4_5_PREFERRED,https://joshhalsallcmg.github.io/carbuy-tiles/U9880_9x16_af162221.jpg,STORY_PREFERRED,REELS_PREFERRED,ASPECT_RATIO_9_16_PREFERRED,https://d2s8i866417m9.cloudfront.net/photo/59888821/photo/medium-2c5a9b3dda64dd0d32808f6939162f3f.jpg,original_photo
U9881,2025 Renault Duster Evolution X1311,"Introducing the 2025 Renault Duster Evolution X1311, a versatile SUV that perfectly combines practicality and safety for families on the go. This grey beauty is equipped with a petrol engine and comfortably seats five, making it an excellent choice for parents and families with young children. With its array of modern features, the Duster ensures an enjoyable driving experience while keeping your family safe and connected.

The Renault Duster is also an environmentally conscious choice, appealing to buyers looking for vehicles that minimise their ecological footprint. Emphasising comfort and convenience, it includes climate control and wireless charging, making every journey a pleasure. 

Key features include:

Climate Control  
Bluetooth  
Reversing Camera  
Cruise Control  
Lane Departure Warning  
Lane Keeping Active Assist  
Roof Rails  
Wireless Charging  

Experience the perfect blend of style, functionality, and safety with the 2025 Renault Duster Evolution X1311. Visit us today to learn more!",https://www.carbuy.com.au/cars/used-grey-2025-renault-duster-u9881,Renault,Duster,2025,7189,KM,AUTOMATIC,GASOLINE,SUV,NONE,VF1RJF013S0871797,EXCELLENT,26488.00 AUD,"{""addr1"":""190-192 Atherton Rd"",""city"":""Oakleigh"",""region"":""VIC"",""postal_code"":3166,""country"":""Australia""}",Grey,,AVAILABLE,USED,-37.90096,145.104713,https://joshhalsallcmg.github.io/carbuy-tiles/U9881_1x1_48864bc2.jpg,https://joshhalsallcmg.github.io/carbuy-tiles/U9881_4x5_6870786e.jpg,ASPECT_RATIO_4_5_PREFERRED,https://joshhalsallcmg.github.io/carbuy-tiles/U9881_9x16_98e8fede.jpg,STORY_PREFERRED,REELS_PREFERRED,ASPECT_RATIO_9_16_PREFERRED,https://d2s8i866417m9.cloudfront.net/photo/58529678/photo/medium-da83c9ed281eb343d6f4fe0aa69aa3f5.jpg,original_photo
U9882,2025 Renault Duster Evolution X1311,"Introducing the versatile and stylish 2025 Renault Duster Evolution X1311, a fantastic choice for families and environmentally conscious drivers alike. This used SUV combines practicality and safety, making it a perfect companion for daily adventures with young children. The spacious seating for five ensures comfort on every journey, while its eco-friendly petrol engine helps reduce fuel costs. With advanced features such as Lane Departure Warning and Lane Keeping Active Assist, you can confidently navigate the roads, knowing your safety is a priority. The Duster is equipped with modern conveniences that cater to your lifestyle, including climate control and wireless charging.

Key features include:

- Climate Control
- Bluetooth
- Reversing Camera
- Cruise Control
- Lane Departure Warning
- Lane Keeping Active Assist
- Roof Rails
- Wireless Charging

Don't miss the opportunity to experience this exceptional vehicle that perfectly balances comfort, technology, and environmental consciousness.",https://www.carbuy.com.au/cars/used-white-2025-renault-duster-u9882,Renault,Duster,2025,327,KM,AUTOMATIC,GASOLINE,SUV,NONE,VF1RJF013S0871847,EXCELLENT,26238.00 AUD,"{""addr1"":""190-192 Atherton Rd"",""city"":""Oakleigh"",""region"":""VIC"",""postal_code"":3166,""country"":""Australia""}",White,,AVAILABLE,USED,-37.90096,145.104713,https://joshhalsallcmg.github.io/carbuy-tiles/U9882_1x1_cdbbf6d7.jpg,https://joshhalsallcmg.github.io/carbuy-tiles/U9882_4x5_22fee1c1.jpg,ASPECT_RATIO_4_5_PREFERRED,https://joshhalsallcmg.github.io/carbuy-tiles/U9882_9x16_80c05729.jpg,STORY_PREFERRED,REELS_PREFERRED,ASPECT_RATIO_9_16_PREFERRED,https://d2s8i866417m9.cloudfront.net/photo/58529764/photo/medium-f311e1697d1b8cd0f446fe528eaa3ecd.jpg,original_photo
U9883,2025 Renault Arkana Techno JL1,"Discover the practicality and safety of the 2025 Renault Arkana Techno JL1, a used grey hatch that perfectly caters to families and parents with young children. This vehicle combines stylish design with a range of modern features to enhance your driving experience. With an impressive 5-star ANCAP safety rating, you can travel with peace of mind knowing your loved ones are protected. The Renault Arkana is equipped with advanced technology to keep you connected and comfortable on every journey. 

Key features include: 

- Bluetooth 
- Reversing Camera 
- Heated Seats 
- Lane Departure Warning 
- Lane Keeping Active Assist 
- Wireless Charging 
- 5 Star ANCAP Safety Rating 

This vehicle is designed to meet the demands of everyday life while ensuring safety and convenience for your family. Come in for a test drive and experience the Renault Arkana for yourself.",https://www.carbuy.com.au/cars/used-grey-2025-renault-arkana-u9883,Renault,Arkana,2025,188,KM,AUTOMATIC,GASOLINE,HATCHBACK,NONE,VF1RJL008SC553520,EXCELLENT,29738.00 AUD,"{""addr1"":""190-192 Atherton Rd"",""city"":""Oakleigh"",""region"":""VIC"",""postal_code"":3166,""country"":""Australia""}",Grey,,AVAILABLE,USED,-37.90096,145.104713,https://joshhalsallcmg.github.io/carbuy-tiles/U9883_1x1_0a5511e2.jpg,https://joshhalsallcmg.github.io/carbuy-tiles/U9883_4x5_58e2fe26.jpg,ASPECT_RATIO_4_5_PREFERRED,https://joshhalsallcmg.github.io/carbuy-tiles/U9883_9x16_1c4e0008.jpg,STORY_PREFERRED,REELS_PREFERRED,ASPECT_RATIO_9_16_PREFERRED,https://d2s8i866417m9.cloudfront.net/photo/58046901/photo/medium-0b1491ab5519935255b3f9d0efab2229.jpg,original_photo
U9884,2025 Renault Arkana Evolution JL1,"The 2025 Renault Arkana Evolution JL1 is a remarkable used vehicle that perfectly blends style, safety, and practicality. This white hatch boasts a spacious interior with seating for five, making it an excellent choice for families with young children. Equipped with cutting-edge safety features, it has received a 5 Star ANCAP Safety Rating, ensuring peace of mind for parents on the road. Environmentally conscious buyers will appreciate its petrol engine, which offers a balanced approach to performance and fuel efficiency. With modern technology such as Bluetooth and wireless charging, this car is designed for the needs of today's drivers. The Arkana also comes fitted with advanced safety systems, including Lane Departure Warning and Lane Keeping Active Assist, providing extra support during your journeys.

Key Features:

- Bluetooth
- Reversing Camera
- Lane Departure Warning
- Lane Keeping Active Assist
- Wireless Charging
- 5 Star ANCAP Safety Rating",https://www.carbuy.com.au/cars/used-white-2025-renault-arkana-u9884,Renault,Arkana,2025,6,KM,AUTOMATIC,GASOLINE,HATCHBACK,NONE,VF1RJL003SC553487,EXCELLENT,29238.00 AUD,"{""addr1"":""190-192 Atherton Rd"",""city"":""Oakleigh"",""region"":""VIC"",""postal_code"":3166,""country"":""Australia""}",White,,AVAILABLE,USED,-37.90096,145.104713,https://joshhalsallcmg.github.io/carbuy-tiles/U9884_1x1_9613491d.jpg,https://joshhalsallcmg.github.io/carbuy-tiles/U9884_4x5_ee2f6187.jpg,ASPECT_RATIO_4_5_PREFERRED,https://joshhalsallcmg.github.io/carbuy-tiles/U9884_9x16_f1e134df.jpg,STORY_PREFERRED,REELS_PREFERRED,ASPECT_RATIO_9_16_PREFERRED,https://d2s8i866417m9.cloudfront.net/photo/58529830/photo/medium-50eab65b3829ee3b8f76949d1ed58c13.jpg,original_photo
U9885,2025 Renault Duster Evolution X1311,"Introducing the 2025 Renault Duster Evolution X1311, a versatile and practical SUV designed for families and environmentally conscious drivers alike. This stunning grey vehicle combines comfort and functionality, making it a fantastic choice for parents with young children who require a safe and reliable means of transportation. With its efficient petrol engine, the Duster offers a smooth driving experience while also being mindful of fuel costs. 

Featuring advanced safety technologies and modern conveniences, this SUV is equipped to handle all your daily needs. Enjoy the benefits of its thoughtful features that enhance both comfort and safety on every journey.

Key Features:
- Climate Control
- Bluetooth
- Reversing Camera
- Cruise Control
- Lane Departure Warning
- Lane Keeping Active Assist
- Roof Rails
- Wireless Charging

Take the opportunity to experience the Renault Duster Evolution and discover how it can elevate your family's driving experience!",https://www.carbuy.com.au/cars/used-grey-2025-renault-duster-u9885,Renault,Duster,2025,11,KM,AUTOMATIC,GASOLINE,SUV,NONE,VF1RJF01XS0873191,EXCELLENT,26238.00 AUD,"{""addr1"":""190-192 Atherton Rd"",""city"":""Oakleigh"",""region"":""VIC"",""postal_code"":3166,""country"":""Australia""}",Grey,,AVAILABLE,USED,-37.90096,145.104713,https://joshhalsallcmg.github.io/carbuy-tiles/U9885_1x1_30a78360.jpg,https://joshhalsallcmg.github.io/carbuy-tiles/U9885_4x5_e2d6da1b.jpg,ASPECT_RATIO_4_5_PREFERRED,https://joshhalsallcmg.github.io/carbuy-tiles/U9885_9x16_99fe4b55.jpg,STORY_PREFERRED,REELS_PREFERRED,ASPECT_RATIO_9_16_PREFERRED,https://d2s8i866417m9.cloudfront.net/photo/58530066/photo/medium-0e0e73645ca77e5b8c7593d96302e7fd.jpg,original_photo
U9890,2024 Renault Koleos Techno HZG,"Introducing the 2024 Renault Koleos Techno HZG – a stylish and practical SUV that is perfect for families and adventurers alike. With a spacious interior accommodating five seats, this vehicle is designed for everyday use and outdoor excursions. Equipped with a robust petrol engine and features that enhance safety and convenience, the Koleos is ready for all your journeys.

Parents will appreciate the advanced safety features, while outdoor enthusiasts will love the elevated ground clearance and rugged capability for tackling unpaved terrain. Whether you're navigating city streets or exploring the great outdoors, this SUV delivers comfort and reliability.

Key features include:

Climate Control  
Bluetooth  
Reversing Camera  
Cruise Control  
Heated Seats  
Keyless Start  
Lane Departure Warning  
Roof Rails  
Android Auto  

Discover the versatility of the Renault Koleos Techno HZG and experience the perfect blend of functionality and style.",https://www.carbuy.com.au/cars/used-grey-2024-renault-koleos-u9890,Renault,Koleos,2024,13,KM,AUTOMATIC,GASOLINE,SUV,NONE,VF1RZG019RC407288,EXCELLENT,35488.00 AUD,"{""addr1"":""190-192 Atherton Rd"",""city"":""Oakleigh"",""region"":""VIC"",""postal_code"":3166,""country"":""Australia""}",Grey,,AVAILABLE,USED,-37.90096,145.104713,https://joshhalsallcmg.github.io/carbuy-tiles/U9890_1x1_3d8dd656.jpg,https://joshhalsallcmg.github.io/carbuy-tiles/U9890_4x5_4530eaa0.jpg,ASPECT_RATIO_4_5_PREFERRED,https://joshhalsallcmg.github.io/carbuy-tiles/U9890_9x16_7609bd5e.jpg,STORY_PREFERRED,REELS_PREFERRED,ASPECT_RATIO_9_16_PREFERRED,https://d2s8i866417m9.cloudfront.net/photo/57563037/photo/medium-3297a5429cddb832ffce8ee32394d4ad.jpg,original_photo
U9891,2024 Renault Koleos Techno HZG,"Introducing the 2024 Renault Koleos Techno HZG, a practical and stylish SUV that's perfect for families. With its spacious seating for five and an array of modern features, this vehicle is designed to provide comfort and convenience for your everyday journeys. The Koleos is equipped with advanced technology to enhance your driving experience and ensure safety for you and your loved ones. Its petrol engine offers a smooth ride, while features like Climate Control and Heated Seats keep everyone comfortable during your travels. With ample space and versatile roof rails, this SUV is ready for any adventure you embark on.

Key features include:

Climate Control  
Bluetooth  
Reversing Camera  
Cruise Control  
Heated Seats  
Keyless Start  
Lane Departure Warning  
Roof Rails  
Android Auto  
Apple CarPlay  

Whether you're commuting or heading out on a family outing, the 2024 Renault Koleos Techno is the perfect companion for parents needing a reliable vehicle.",https://www.carbuy.com.au/cars/used-grey-2024-renault-koleos-u9891,Renault,Koleos,2024,13,KM,AUTOMATIC,GASOLINE,SUV,NONE,VF1RZG013RC406573,EXCELLENT,33488.00 AUD,"{""addr1"":""190-192 Atherton Rd"",""city"":""Oakleigh"",""region"":""VIC"",""postal_code"":3166,""country"":""Australia""}",Grey,,AVAILABLE,USED,-37.90096,145.104713,https://joshhalsallcmg.github.io/carbuy-tiles/U9891_1x1_20669e2a.jpg,https://joshhalsallcmg.github.io/carbuy-tiles/U9891_4x5_0de20db9.jpg,ASPECT_RATIO_4_5_PREFERRED,https://joshhalsallcmg.github.io/carbuy-tiles/U9891_9x16_bd141d40.jpg,STORY_PREFERRED,REELS_PREFERRED,ASPECT_RATIO_9_16_PREFERRED,https://d2s8i866417m9.cloudfront.net/photo/57563033/photo/medium-94dcf80665c9414c2bd4835c53434357.jpg,original_photo
U9892,2026 Renault Arkana Hybrid Esprit Alpine JL1,"Introducing the 2026 Renault Arkana Hybrid Esprit Alpine, a versatile and stylish hatchback designed to meet the needs of modern families. This vehicle combines practicality with advanced safety features, making it an excellent choice for parents with young children. With seating for five and a spacious interior, it provides ample room for both passengers and cargo, ensuring comfort on every journey.

Equipped with cutting-edge technology, the Arkana enhances your driving experience and keeps you connected on the go. Whether you're navigating through busy city streets or heading out on a weekend adventure, the Arkana is designed to keep you safe and informed.

Key features include:  
- Bluetooth  
- Reversing Camera  
- Heated Seats  
- Lane Departure Warning  
- Lane Keeping Active Assist  

Experience the perfect blend of style, comfort, and safety with the 2026 Renault Arkana Hybrid Esprit Alpine. Visit us today to learn more!",https://www.carbuy.com.au/cars/used-white-2026-renault-arkana-u9892,Renault,Arkana,2026,533,KM,AUTOMATIC,GASOLINE,HATCHBACK,NONE,VF1RJL004TC562829,EXCELLENT,42738.00 AUD,"{""addr1"":""190-192 Atherton Rd"",""city"":""Oakleigh"",""region"":""VIC"",""postal_code"":3166,""country"":""Australia""}",White,,AVAILABLE,USED,-37.90096,145.104713,https://joshhalsallcmg.github.io/carbuy-tiles/U9892_1x1_a9ea0301.jpg,https://joshhalsallcmg.github.io/carbuy-tiles/U9892_4x5_ff886793.jpg,ASPECT_RATIO_4_5_PREFERRED,https://joshhalsallcmg.github.io/carbuy-tiles/U9892_9x16_3a6e35a7.jpg,STORY_PREFERRED,REELS_PREFERRED,ASPECT_RATIO_9_16_PREFERRED,https://d2s8i866417m9.cloudfront.net/photo/58046998/photo/medium-6c71d56f6e6194fbcacb233286712b03.jpg,original_photo
U9901,2020 Toyota Corolla SX Hybrid ZWE211R,"UTILISE THE MOST POPULAR HYBRID HATCHBACK THE MARKET HAS TO OFFER

2 KEYS
TOYOTA SERVICE HISTORY
RECENTLY SERVICED
TEST DRIVE & INSPECT TODAY


Introducing the 2020 Toyota Corolla SX Hybrid ZWE211R, a remarkable hatchback that perfectly combines practicality and eco-friendliness. This vehicle is designed with families in mind, offering a spacious interior with five comfortable seats and a suite of advanced safety features. The Corolla SX Hybrid is not only an environmentally conscious choice, but it also ensures lower fuel costs, making it an excellent option for everyday transportation.

With features like Climate Control and Bluetooth, you can enjoy a comfortable and connected ride. The Reversing Camera provides added peace of mind when parking, while Keyless Start enhances convenience. Safety is paramount with Lane Departure Warning and Lane Keeping Active Assist, ensuring you stay on track. Additionally, Android Auto and Apple CarPlay allow seamless integration of your smartphone, and Wireless Charging keeps your devices powered throughout your journeys. Plus, with a 5 Star ANCAP Safety Rating, you can trust that your family is well protected on the road.

Key Features:
- Climate Control
- Bluetooth
- Reversing Camera
- Keyless Start
- Lane Departure Warning
- Lane Keeping Active Assist
- Android Auto
- Apple CarPlay
- Wireless Charging
- 5 Star ANCAP Safety Rating",https://www.carbuy.com.au/cars/used-silver-or-chrome-2020-toyota-corolla-u9901,Toyota,Corolla,2020,92632,KM,AUTOMATIC,HYBRID,HATCHBACK,NONE,JTNK93BE503020084,EXCELLENT,24988.00 AUD,"{""addr1"":""190-192 Atherton Rd"",""city"":""Oakleigh"",""region"":""VIC"",""postal_code"":3166,""country"":""Australia""}",Silver,,AVAILABLE,USED,-37.90096,145.104713,https://joshhalsallcmg.github.io/carbuy-tiles/U9901_1x1_074ec73d.jpg,https://joshhalsallcmg.github.io/carbuy-tiles/U9901_4x5_4ca95eaa.jpg,ASPECT_RATIO_4_5_PREFERRED,https://joshhalsallcmg.github.io/carbuy-tiles/U9901_9x16_5953c80a.jpg,STORY_PREFERRED,REELS_PREFERRED,ASPECT_RATIO_9_16_PREFERRED,https://d2s8i866417m9.cloudfront.net/photo/58673416/photo/medium-bdb7993a9781757192a5973e8c910ae6.jpg,original_photo
U9906,2017 Toyota Corolla ZR ZRE182R,"PANORAMIC MOONROOF
TOP SPEC ZR MODEL
2 KEYS
SERVICE HISTORY
NEW TYRES
INSPECT & TEST DRIVE TODAY


Introducing the stylish and practical 2017 Toyota Corolla ZR Hatch, designed for families and parents seeking a reliable vehicle for everyday transport. This black beauty boasts a spacious interior that comfortably seats five, making it perfect for school runs or weekend adventures. With a strong focus on safety, this model comes with a 5 Star ANCAP Safety Rating, ensuring peace of mind for you and your loved ones. 

Equipped with an impressive array of features, this Corolla combines comfort and technology seamlessly. Enjoy the convenience of Bluetooth connectivity and a reversing camera, making parking and staying connected a breeze. The climate control and heated seats enhance your driving experience, while the lane departure warning adds an extra layer of safety for those longer trips. 

Don't miss out on this fantastic opportunity to own a well-equipped hatchback that meets the needs of modern families. 

Features include: 

- Climate Control  
- Bluetooth  
- Reversing Camera  
- Cruise Control  
- Heated Seats  
- Keyless Start  
- Lane Departure Warning  
- Leather Seats  
- 5 Star ANCAP Safety Rating  ",https://www.carbuy.com.au/cars/used-black-2017-toyota-corolla-u9906,Toyota,Corolla,2017,63268,KM,AUTOMATIC,GASOLINE,HATCHBACK,NONE,JTNKU3JE30J571688,EXCELLENT,22238.00 AUD,"{""addr1"":""190-192 Atherton Rd"",""city"":""Oakleigh"",""region"":""VIC"",""postal_code"":3166,""country"":""Australia""}",Black,,AVAILABLE,USED,-37.90096,145.104713,https://joshhalsallcmg.github.io/carbuy-tiles/U9906_1x1_50f877a0.jpg,https://joshhalsallcmg.github.io/carbuy-tiles/U9906_4x5_d34e14c7.jpg,ASPECT_RATIO_4_5_PREFERRED,https://joshhalsallcmg.github.io/carbuy-tiles/U9906_9x16_3f73f92a.jpg,STORY_PREFERRED,REELS_PREFERRED,ASPECT_RATIO_9_16_PREFERRED,https://d2s8i866417m9.cloudfront.net/photo/58659246/photo/medium-6476aacf60fd12ffbb916ea743287042.jpg,original_photo
U9925,2025 Ford Everest Trend 2.0L,"Introducing the 2025 Ford Everest Trend, a versatile SUV designed for families and adventurers alike. With its spacious 7-seat configuration, this vehicle is perfect for larger families needing extra passenger capacity for children, extended family, or carpooling. Outdoor enthusiasts will appreciate the rugged capability of the 4WD system, providing elevated ground clearance for unpaved terrain, camping expeditions, and 4WD touring. The interior boasts premium features, ensuring comfort and convenience on every journey. Safety is paramount, and the Everest comes equipped with a 5 Star ANCAP Safety Rating, giving you peace of mind as you travel.

Key features include:

- Climate Control  
- Bluetooth  
- Reversing Camera  
- Keyless Start  
- Lane Departure Warning  
- Lane Keeping Active Assist  
- Leather Seats  
- Roof Rails  
- Wireless Charging  
- 7+ Seats  
- 5 Star ANCAP Safety Rating  

Explore the capabilities of the Ford Everest Trend and elevate your driving experience today!",https://www.carbuy.com.au/cars/used-grey-2025-ford-everest-u9925,Ford,Everest,2025,14429,KM,AUTOMATIC,DIESEL,SUV,NONE,MNARXXMAWRSK76429,EXCELLENT,51488.00 AUD,"{""addr1"":""190-192 Atherton Rd"",""city"":""Oakleigh"",""region"":""VIC"",""postal_code"":3166,""country"":""Australia""}",Grey,,AVAILABLE,USED,-37.90096,145.104713,https://joshhalsallcmg.github.io/carbuy-tiles/U9925_1x1_17b50c3c.jpg,https://joshhalsallcmg.github.io/carbuy-tiles/U9925_4x5_fbfe1fe0.jpg,ASPECT_RATIO_4_5_PREFERRED,https://joshhalsallcmg.github.io/carbuy-tiles/U9925_9x16_a3d56543.jpg,STORY_PREFERRED,REELS_PREFERRED,ASPECT_RATIO_9_16_PREFERRED,https://d2s8i866417m9.cloudfront.net/photo/59889482/photo/medium-32908997c2ca6f743db144b7b62454de.jpg,original_photo
U9928,2025 Ford Everest Trend 2.0L,"Introducing the stunning 2025 Ford Everest Trend, a versatile SUV designed to accommodate larger families and adventurous spirits alike. With its spacious 7-seat configuration, this vehicle provides ample room for multiple children, extended family members, or carpooling with friends. The rugged capability of the Everest, combined with its elevated ground clearance, makes it perfect for unpaved terrain and outdoor excursions, whether you're camping or touring the great Aussie outback. 

Enjoy modern conveniences such as climate control and Bluetooth connectivity, ensuring a comfortable and connected journey. Safety is paramount, and with a 5-star ANCAP safety rating, you can drive with peace of mind knowing your loved ones are well protected. Explore the impressive features this vehicle has to offer:

- Climate Control
- Bluetooth
- Reversing Camera
- Keyless Start
- Lane Departure Warning
- Lane Keeping Active Assist
- Leather Seats
- Roof Rails
- Wireless Charging
- 7+ Seats
- 5 Star ANCAP Safety Rating

Don’t miss out on the opportunity to own this remarkable SUV that perfectly balances family needs with adventure-ready capabilities.",https://www.carbuy.com.au/cars/used-white-2025-ford-everest-u9928,Ford,Everest,2025,3338,KM,AUTOMATIC,DIESEL,SUV,NONE,MNARXXMAWRSK76401,EXCELLENT,52488.00 AUD,"{""addr1"":""190-192 Atherton Rd"",""city"":""Oakleigh"",""region"":""VIC"",""postal_code"":3166,""country"":""Australia""}",White,,AVAILABLE,USED,-37.90096,145.104713,https://joshhalsallcmg.github.io/carbuy-tiles/U9928_1x1_0f347450.jpg,https://joshhalsallcmg.github.io/carbuy-tiles/U9928_4x5_58904861.jpg,ASPECT_RATIO_4_5_PREFERRED,https://joshhalsallcmg.github.io/carbuy-tiles/U9928_9x16_bf7eef31.jpg,STORY_PREFERRED,REELS_PREFERRED,ASPECT_RATIO_9_16_PREFERRED,https://d2s8i866417m9.cloudfront.net/photo/59889470/photo/medium-6368f1fd79e9d9f406aae62242aeeff1.jpg,original_photo
U9935,2022 Ford Ranger Sport 4X4 3.0L,"Introducing the 2022 Ford Ranger Sport, a versatile Ute that combines powerful performance with an array of modern features. This silver or chrome beauty is equipped with a robust diesel engine, making it an excellent choice for tradespeople and contractors who require a reliable vehicle for hauling tools and equipment. Outdoor enthusiasts will also appreciate its rugged capabilities, perfect for unpaved terrain and camping adventures. With its elevated ground clearance and 4WD/4X4 functionality, the Ranger Sport is designed to tackle any challenge that comes its way.

Step inside to enjoy a range of luxurious features that enhance your driving experience. From the comfort of leather seats to the convenience of wireless charging, this Ute is built for both work and play. Safety is paramount, and with a 5 Star ANCAP Safety Rating, you can drive with peace of mind.

Key features include:

Climate Control

Bluetooth

Reversing Camera

Keyless Start

Lane Departure Warning

Lane Keeping Active Assist

Leather Seats

Wireless Charging

5 Star ANCAP Safety Rating

Don't miss out on the opportunity to own this exceptional vehicle that meets the needs of both work and adventure. Visit us today for a test drive!",https://www.carbuy.com.au/cars/used-silver-or-chrome-2022-ford-ranger-u9935,Ford,Ranger,2022,57047,KM,AUTOMATIC,DIESEL,TRUCK,NONE,MPBCMFF70NX450821,EXCELLENT,52488.00 AUD,"{""addr1"":""190-192 Atherton Rd"",""city"":""Oakleigh"",""region"":""VIC"",""postal_code"":3166,""country"":""Australia""}",Silver,,AVAILABLE,USED,-37.90096,145.104713,https://joshhalsallcmg.github.io/carbuy-tiles/U9935_1x1_b38ac613.jpg,https://joshhalsallcmg.github.io/carbuy-tiles/U9935_4x5_8a50bfe2.jpg,ASPECT_RATIO_4_5_PREFERRED,https://joshhalsallcmg.github.io/carbuy-tiles/U9935_9x16_63967a13.jpg,STORY_PREFERRED,REELS_PREFERRED,ASPECT_RATIO_9_16_PREFERRED,https://d2s8i866417m9.cloudfront.net/photo/63542264/photo/medium-2732ec74df93795b1695e0a23e14d1a1.jpg,original_photo
U9937,2024 Toyota Hilux Rogue 48V GUN126R 4X4,"1 OWNER FROM NEW
FULL TOYOTA SERVICE HISTORY
2 NEW TYRES
EXCELLENT CONDITION
2 KEYS
INSPECT & TEST DRIVE TODAY


Discover the versatility of the 2024 Toyota Hilux Rogue, a robust Ute designed for both work and play. With its powerful diesel engine and rugged capability, this vehicle is perfect for tradespeople and contractors who require a reliable workhorse for hauling tools and equipment. Additionally, outdoor adventurers will appreciate the elevated ground clearance and 4WD capability, making it suitable for unpaved terrain and camping excursions. Comfort and convenience are at the forefront with features such as heated leather seats and advanced safety technologies. 

Key features include: 

- Climate Control  
- Bluetooth  
- Reversing Camera  
- Heated Seats  
- Keyless Start  
- Lane Departure Warning  
- Lane Keeping Active Assist  
- Leather Seats  
- Android Auto  
- Apple CarPlay  
- Wireless Charging  
- 5 Star ANCAP Safety Rating  

Experience the perfect blend of practicality and adventure with the Toyota Hilux Rogue.",https://www.carbuy.com.au/cars/used-white-2024-toyota-hilux-u9937,Toyota,Hilux,2024,30679,KM,AUTOMATIC,DIESEL,TRUCK,NONE,MR0BE3CD906931203,EXCELLENT,66238.00 AUD,"{""addr1"":""190-192 Atherton Rd"",""city"":""Oakleigh"",""region"":""VIC"",""postal_code"":3166,""country"":""Australia""}",White,,AVAILABLE,USED,-37.90096,145.104713,https://joshhalsallcmg.github.io/carbuy-tiles/U9937_1x1_07d81d6e.jpg,https://joshhalsallcmg.github.io/carbuy-tiles/U9937_4x5_4a42f2fc.jpg,ASPECT_RATIO_4_5_PREFERRED,https://joshhalsallcmg.github.io/carbuy-tiles/U9937_9x16_a8d7c0c4.jpg,STORY_PREFERRED,REELS_PREFERRED,ASPECT_RATIO_9_16_PREFERRED,https://d2s8i866417m9.cloudfront.net/photo/58764626/photo/medium-f22fb92c83d24e973483d624bf611999.jpg,original_photo
U9951,2022 Mitsubishi Eclipse Cross Exceed YB,"2 KEYS
FULL MITSUBISHI DEALERSHIP SERVICE HISTORY
TOP SPEC EXCEED MODEL WITH AWD
EXCELLENT CONDITION
INSPECT & TEST DRIVE TODAY


Introducing the stunning 2022 Mitsubishi Eclipse Cross Exceed YB, a versatile SUV that perfectly blends style and practicality. With its spacious five-seat configuration, this vehicle is perfect for parents and families seeking a safe and functional mode of transport for everyday activities. Equipped with a host of modern features, this Eclipse Cross ensures comfort and convenience on all your journeys. The 5 Star ANCAP Safety Rating provides peace of mind, making it an excellent choice for those prioritising safety. Whether you're commuting or embarking on family adventures, this SUV is sure to impress with its high-quality interior and advanced technology.

Key features include:

Climate Control  
Bluetooth  
Reversing Camera  
Heated Seats  
Keyless Start  
Lane Departure Warning  
Leather Seats  
Roof Rails  
Android Auto  
Apple CarPlay  
5 Star ANCAP Safety Rating  ",https://www.carbuy.com.au/cars/used-grey-2022-mitsubishi-eclipse-cross-u9951,Mitsubishi,Eclipse Cross,2022,70223,KM,AUTOMATIC,GASOLINE,SUV,NONE,JMFXTGK1WNZ005933,EXCELLENT,25988.00 AUD,"{""addr1"":""190-192 Atherton Rd"",""city"":""Oakleigh"",""region"":""VIC"",""postal_code"":3166,""country"":""Australia""}",Grey,,AVAILABLE,USED,-37.90096,145.104713,https://joshhalsallcmg.github.io/carbuy-tiles/U9951_1x1_02d5dcf7.jpg,https://joshhalsallcmg.github.io/carbuy-tiles/U9951_4x5_d64d4238.jpg,ASPECT_RATIO_4_5_PREFERRED,https://joshhalsallcmg.github.io/carbuy-tiles/U9951_9x16_eb5eaac6.jpg,STORY_PREFERRED,REELS_PREFERRED,ASPECT_RATIO_9_16_PREFERRED,https://d2s8i866417m9.cloudfront.net/photo/60467675/photo/medium-0adbad8664def9fe2d3f397d3f0ad635.jpg,original_photo
U9959,2020 Toyota Supra GR GTS A90,"PEARL WHITE PAINT OVER BLACK LEATHER
EXCELLENT CONDITION
2 KEYS
SERVICE HISTORY
REAR DUCKTAIL SPOILER (REMOVEABLE IF NOT TO YOUR PREFERENCE)
INSPECT & TEST DRIVE TODAY



Introducing the stunning 2020 Toyota Supra GR GTS A90, a true masterpiece designed for the driving enthusiast. This white coupe combines sleek aesthetics with exhilarating performance, making it a standout choice for those who seek a thrilling ride. Equipped with a powerful petrol engine, this sports car delivers rapid acceleration and sport-tuned handling that will leave you breathless. 

Step inside and enjoy the luxurious interior featuring leather seats and a range of modern conveniences. With advanced technology at your fingertips, you can stay connected and comfortable on every journey. Don't miss your chance to experience the excitement of the Toyota Supra GR GTS A90. 

Key features include:

- Climate Control  
- Bluetooth  
- Reversing Camera  
- Heated Seats  
- Keyless Start  
- Lane Departure Warning  
- Leather Seats  
- Wireless Charging  ",https://www.carbuy.com.au/cars/used-white-2020-toyota-supra-u9959,Toyota,Supra,2020,49846,KM,AUTOMATIC,GASOLINE,COUPE,NONE,WZ1DB42070W031518,EXCELLENT,83488.00 AUD,"{""addr1"":""190-192 Atherton Rd"",""city"":""Oakleigh"",""region"":""VIC"",""postal_code"":3166,""country"":""Australia""}",White,,AVAILABLE,USED,-37.90096,145.104713,https://joshhalsallcmg.github.io/carbuy-tiles/U9959_1x1_61e23562.jpg,https://joshhalsallcmg.github.io/carbuy-tiles/U9959_4x5_4f30a1d2.jpg,ASPECT_RATIO_4_5_PREFERRED,https://joshhalsallcmg.github.io/carbuy-tiles/U9959_9x16_90607384.jpg,STORY_PREFERRED,REELS_PREFERRED,ASPECT_RATIO_9_16_PREFERRED,https://d2s8i866417m9.cloudfront.net/photo/59628919/photo/medium-71901f6ecbafeb442c4182f9b34331bb.jpg,original_photo
U9964,2023 Subaru Outback AWD Touring XT 6GEN,"- Top of the range Touring model - sunroof, Heated and ventilated leather seats, parking side and rear cameras and more!
- ⁠2 original keys
- ⁠Factory warranty until 05/2028
- ⁠1 owner
- ⁠Full service history - very recently serviced

Introducing the Used Grey 2023 Subaru Outback AWD Touring XT, a remarkable SUV that perfectly balances practicality and adventure. Designed with families in mind, this vehicle offers a spacious five-seat configuration, making it an excellent choice for parents with young children. The Outback's impressive safety features, including a 5 Star ANCAP Safety Rating, provide peace of mind for those everyday journeys and family outings. Additionally, outdoor enthusiasts will appreciate its rugged capability and elevated ground clearance, perfect for navigating unpaved terrain or embarking on camping trips.

This Subaru Outback is packed with modern conveniences to enhance your driving experience. 

- Climate Control  
- Bluetooth  
- Reversing Camera  
- Electric Seats  
- Heated Seats  
- Keyless Start  
- Lane Departure Warning  
- Lane Keeping Active Assist  
- Leather Seats  
- Roof Rails  
- Android Auto  
- Apple CarPlay  
- Sunroof  
- 5 Star ANCAP Safety Rating  

Whether you're commuting to work or exploring the great outdoors, the 2023 Subaru Outback AWD Touring XT is ready for any adventure you throw its way. Come and experience it for yourself today!",https://www.carbuy.com.au/cars/used-grey-2023-subaru-outback-u9964,Subaru,Outback,2023,67834,KM,AUTOMATIC,GASOLINE,SUV,NONE,JF2BTAK83PG040337,EXCELLENT,37488.00 AUD,"{""addr1"":""190-192 Atherton Rd"",""city"":""Oakleigh"",""region"":""VIC"",""postal_code"":3166,""country"":""Australia""}",Grey,,AVAILABLE,USED,-37.90096,145.104713,https://joshhalsallcmg.github.io/carbuy-tiles/U9964_1x1_c833726a.jpg,https://joshhalsallcmg.github.io/carbuy-tiles/U9964_4x5_3a91bbc3.jpg,ASPECT_RATIO_4_5_PREFERRED,https://joshhalsallcmg.github.io/carbuy-tiles/U9964_9x16_08f47b37.jpg,STORY_PREFERRED,REELS_PREFERRED,ASPECT_RATIO_9_16_PREFERRED,https://d2s8i866417m9.cloudfront.net/photo/59888825/photo/medium-ecdd72d02f19e767af51021d1a316cb6.jpg,original_photo
U9979,2024 Hyundai Kona Premium SX2.V2,"THIS KONA PREMIUM HAS ONE PREVIOUS OWNER FROM NEW
FULL HYUNDAI SERVICE HISTORY
2 KEYS
LOVELY CLEAN CAR
TEST DRIVE & INSPECT TODAY

Introducing the Used Atlas White 2024 Hyundai Kona Premium SX2.V2, a stylish and practical SUV perfect for families. This vehicle combines comfort and advanced technology, ensuring a safe and enjoyable driving experience for parents and young children alike. With its spacious interior and versatile seating for five, it is an excellent choice for everyday transportation. The Kona comes equipped with a range of features that enhance convenience and safety, making it a standout option in the SUV market. Don't miss the chance to experience this remarkable vehicle.

Key features include:

Climate Control  
Bluetooth  
Reversing Camera  
Electric Seats  
Heated Seats  
Keyless Start  
Lane Keeping Active Assist  
Leather Seats  
Roof Rails  
Android Auto  
Apple CarPlay  
Wireless Charging  ",https://www.carbuy.com.au/cars/used-atlas-white-2024-hyundai-kona-u9979,Hyundai,Kona,2024,27938,KM,AUTOMATIC,GASOLINE,SUV,NONE,KMHHE81BTSU239616,EXCELLENT,31488.00 AUD,"{""addr1"":""190-192 Atherton Rd"",""city"":""Oakleigh"",""region"":""VIC"",""postal_code"":3166,""country"":""Australia""}",White,,AVAILABLE,USED,-37.90096,145.104713,https://joshhalsallcmg.github.io/carbuy-tiles/U9979_1x1_ffd3873e.jpg,https://joshhalsallcmg.github.io/carbuy-tiles/U9979_4x5_f3d9dc06.jpg,ASPECT_RATIO_4_5_PREFERRED,https://joshhalsallcmg.github.io/carbuy-tiles/U9979_9x16_8c8832e0.jpg,STORY_PREFERRED,REELS_PREFERRED,ASPECT_RATIO_9_16_PREFERRED,https://d2s8i866417m9.cloudfront.net/photo/62164548/photo/medium-6885cf6eca9f2d962aebc4574d8cdafe.jpg,original_photo
U9981,2024 Toyota Corolla Cross GX MXGA10R,"2 KEYS
COMPLETE TOYOTA SERVICE HISTORY
1 OWNER
EXCELLENT CONDITION
INSPECT & TEST DRIVE TODAY


Introducing the stunning 2024 Toyota Corolla Cross GX MXGA10R, a versatile SUV that combines style, practicality, and safety, making it a perfect choice for families with young children. This white beauty is equipped with a reliable petrol engine and offers comfortable seating for five, ensuring everyone can travel in comfort. With a suite of advanced features, this vehicle is designed to keep you connected and safe on the road, making daily commutes a breeze. The Corolla Cross boasts a 5 Star ANCAP Safety Rating, giving parents peace of mind when transporting their loved ones. Don’t miss out on the opportunity to own this exceptional SUV that ticks all the boxes for family needs.

Key features include:

- Bluetooth
- Reversing Camera
- Lane Departure Warning
- Lane Keeping Active Assist
- Android Auto
- 5 Star ANCAP Safety Rating",https://www.carbuy.com.au/cars/used-white-2024-toyota-corolla-cross-u9981,Toyota,Corolla Cross,2024,26987,KM,AUTOMATIC,GASOLINE,SUV,NONE,JTNAAAAB80J003421,EXCELLENT,33738.00 AUD,"{""addr1"":""190-192 Atherton Rd"",""city"":""Oakleigh"",""region"":""VIC"",""postal_code"":3166,""country"":""Australia""}",White,,AVAILABLE,USED,-37.90096,145.104713,https://joshhalsallcmg.github.io/carbuy-tiles/U9981_1x1_08aaa1c2.jpg,https://joshhalsallcmg.github.io/carbuy-tiles/U9981_4x5_25e89426.jpg,ASPECT_RATIO_4_5_PREFERRED,https://joshhalsallcmg.github.io/carbuy-tiles/U9981_9x16_973865cc.jpg,STORY_PREFERRED,REELS_PREFERRED,ASPECT_RATIO_9_16_PREFERRED,https://d2s8i866417m9.cloudfront.net/photo/64226701/photo/medium-8abc01ea1187a2d70312843e382de176.jpg,original_photo
U9983,2022 Mazda 2 G15 GT DJ Series,"THIS MAZDA 2 HAS ONE PREVIOUS OWNER FROM NEW
FULL MAZDA SERVICE HISTORY
2 KEYS
LOVELY CLEAN CAR
TEST DRIVE & INSPECT TODAY

Introducing the striking Black 2022 Mazda 2 G15 GT DJ Series, a perfect blend of style, safety, and performance. This hatchback is equipped with a powerful petrol engine, making it a fantastic choice for both families and driving enthusiasts. With its spacious seating for five, this vehicle is designed to accommodate parents and their young children, providing a practical solution for daily transportation. The Mazda 2 also features advanced technology and safety systems, ensuring a comfortable and secure driving experience for all.

Key features include:

- Bluetooth
- Reversing Camera
- Keyless Start
- Lane Departure Warning
- Lane Keeping Active Assist
- Leather Seats
- Android Auto
- Apple CarPlay
- 5 Star ANCAP Safety Rating

Whether you're navigating city streets or embarking on weekend adventures, the 2022 Mazda 2 G15 GT offers a delightful driving experience with its sport-tuned handling and impressive safety credentials. Don't miss out on the opportunity to own this remarkable vehicle!",https://www.carbuy.com.au/cars/used-black-2022-mazda-2-u9983,Mazda,2,2022,28524,KM,AUTOMATIC,GASOLINE,HATCHBACK,NONE,MM0DJ2HAA0W847015,EXCELLENT,22488.00 AUD,"{""addr1"":""190-192 Atherton Rd"",""city"":""Oakleigh"",""region"":""VIC"",""postal_code"":3166,""country"":""Australia""}",Black,,AVAILABLE,USED,-37.90096,145.104713,https://joshhalsallcmg.github.io/carbuy-tiles/U9983_1x1_f5abdc7c.jpg,https://joshhalsallcmg.github.io/carbuy-tiles/U9983_4x5_c36f9faa.jpg,ASPECT_RATIO_4_5_PREFERRED,https://joshhalsallcmg.github.io/carbuy-tiles/U9983_9x16_0a9eb86f.jpg,STORY_PREFERRED,REELS_PREFERRED,ASPECT_RATIO_9_16_PREFERRED,https://d2s8i866417m9.cloudfront.net/photo/59379760/photo/medium-0329a87f18da8518c89aa6471675aa6d.jpg,original_photo
U9984,2021 Subaru Outback AWD Touring 6GEN,"ONE OWNER FROM NEW
2 KEYS
FULL SERVICE HISTORY
THE PERFECT FAMILY WAGON WITH AWD
LOVELY CLEAN CAR
INSPECT & TEST DRIVE TODAY


Introducing the versatile and reliable 2021 Subaru Outback AWD Touring, perfect for families and outdoor enthusiasts alike. This exceptional SUV combines practicality with rugged capability, making it an ideal choice for everyday commuting and adventurous weekend getaways. With ample seating for five and a spacious interior, it caters to parents with young children and those who require extra room for their gear. The Outback is equipped with a range of advanced safety features, ensuring peace of mind on all your journeys. Experience comfort and convenience with its premium features designed for modern living.

Key features include:

Climate Control  
Bluetooth  
Reversing Camera  
Electric Seats  
Heated Seats  
Keyless Start  
Lane Departure Warning  
Lane Keeping Active Assist  
Leather Seats  
Roof Rails  
Android Auto  
Apple CarPlay  
Sunroof  
5 Star ANCAP Safety Rating  

Discover the perfect balance of comfort, safety, and capability with the Subaru Outback, your ultimate companion for both city streets and unpaved adventures.",https://www.carbuy.com.au/cars/used-white-2021-subaru-outback-u9984,Subaru,Outback,2021,65808,KM,AUTOMATIC,GASOLINE,SUV,NONE,JF2BT9KL3MG007126,EXCELLENT,31238.00 AUD,"{""addr1"":""190-192 Atherton Rd"",""city"":""Oakleigh"",""region"":""VIC"",""postal_code"":3166,""country"":""Australia""}",White,,AVAILABLE,USED,-37.90096,145.104713,https://joshhalsallcmg.github.io/carbuy-tiles/U9984_1x1_64ae5ba1.jpg,https://joshhalsallcmg.github.io/carbuy-tiles/U9984_4x5_3094b6cb.jpg,ASPECT_RATIO_4_5_PREFERRED,https://joshhalsallcmg.github.io/carbuy-tiles/U9984_9x16_c2fb4998.jpg,STORY_PREFERRED,REELS_PREFERRED,ASPECT_RATIO_9_16_PREFERRED,https://d2s8i866417m9.cloudfront.net/photo/62530988/photo/medium-68ad2fffa32aa1863e83c06e9d0ee7e4.jpg,original_photo
U9985,2018 Ford Focus Titanium SA,"TOP SPEC FORD FOCUS TITANIUM
1 OWNER
COMPLETE SERVICE HISTORY
PANORAMIC SUNROOF OPTION
HEADS UP DISPLAY OPTION
EXCELLENT CONDITION
INSPECT & TEST DRIVE TODAY


Discover the perfect blend of style, comfort, and safety with this used 2018 Ford Focus Titanium SA Hatch. Designed with families in mind, this vehicle offers a spacious interior and a host of features that enhance everyday driving. With its 5-star ANCAP safety rating, you can rest assured that your loved ones are well protected on the road. The advanced technology features make it a breeze to stay connected while on the go, making it an excellent choice for parents with young children. Don't miss out on the opportunity to own a practical and stylish hatch that meets all your family's needs.

Features include:

- Climate Control
- Bluetooth
- Reversing Camera
- Heated Seats
- Keyless Start
- Lane Departure Warning
- Lane Keeping Active Assist
- Leather Seats
- Android Auto
- Apple CarPlay
- Wireless Charging
- 5 Star ANCAP Safety Rating",https://www.carbuy.com.au/cars/used-white-2018-ford-focus-u9985,Ford,Focus,2018,58422,KM,AUTOMATIC,GASOLINE,HATCHBACK,NONE,WF0NXXGCHNJR67261,EXCELLENT,19988.00 AUD,"{""addr1"":""190-192 Atherton Rd"",""city"":""Oakleigh"",""region"":""VIC"",""postal_code"":3166,""country"":""Australia""}",White,,AVAILABLE,USED,-37.90096,145.104713,https://joshhalsallcmg.github.io/carbuy-tiles/U9985_1x1_e76a5e22.jpg,https://joshhalsallcmg.github.io/carbuy-tiles/U9985_4x5_275fbcc8.jpg,ASPECT_RATIO_4_5_PREFERRED,https://joshhalsallcmg.github.io/carbuy-tiles/U9985_9x16_190bf3a7.jpg,STORY_PREFERRED,REELS_PREFERRED,ASPECT_RATIO_9_16_PREFERRED,https://d2s8i866417m9.cloudfront.net/photo/62099854/photo/medium-fad17662333fa9241b549b6637bc4d3d.jpg,original_photo
U9993,2021 Hyundai Palisade Highlander LX2.V2,"THIS PALISADE HIGHLANDER HAS ONE PREVIOUS OWNER FROM NEW
FULL HYUNDAI SERVICE HISTORY
2 KEYS
LOVELY CLEAN CAR
TEST DRIVE & INSPECT TODAY

Experience the perfect blend of comfort and capability with this Used Grey 2021 Hyundai Palisade Highlander LX2.V2. Designed with families in mind, this spacious SUV offers ample room for up to eight passengers, making it an excellent choice for larger families or anyone in need of extra seating. The powerful diesel engine ensures a smooth drive while remaining efficient for daily commutes or long journeys. With a host of features including Bluetooth connectivity, reversing camera, and heated leather seats, this vehicle is equipped to enhance your driving experience. Safety is also a priority with lane departure warning and lane keeping active assist, ensuring peace of mind on the road. Don't miss out on this versatile family vehicle that truly has it all.

Features include:

Bluetooth  
Reversing Camera  
Electric Seats  
Heated Seats  
Keyless Start  
Lane Departure Warning  
Lane Keeping Active Assist  
Leather Seats  
Roof Rails  
Android Auto  
Apple CarPlay  
Sunroof  
Wireless Charging  
7+ Seats  
8+ Seats  ",https://www.carbuy.com.au/cars/used-grey-2021-hyundai-palisade-u9993,Hyundai,Palisade,2021,88501,KM,AUTOMATIC,DIESEL,SUV,NONE,KMHR381ASNU353603,EXCELLENT,39488.00 AUD,"{""addr1"":""190-192 Atherton Rd"",""city"":""Oakleigh"",""region"":""VIC"",""postal_code"":3166,""country"":""Australia""}",Grey,,AVAILABLE,USED,-37.90096,145.104713,https://joshhalsallcmg.github.io/carbuy-tiles/U9993_1x1_4ffaade7.jpg,https://joshhalsallcmg.github.io/carbuy-tiles/U9993_4x5_9db2794b.jpg,ASPECT_RATIO_4_5_PREFERRED,https://joshhalsallcmg.github.io/carbuy-tiles/U9993_9x16_8532bf5b.jpg,STORY_PREFERRED,REELS_PREFERRED,ASPECT_RATIO_9_16_PREFERRED,https://d2s8i866417m9.cloudfront.net/photo/62109985/photo/medium-42519c19d3fe9ef1bd64f9b7dcf36c31.jpg,original_photo
U9994,2020 Mitsubishi ASX GSR XD,"2 KEYS
COMPLETE SERVICE HSITORY
GSR MODEL WITH BLACK HIGHLIGHTS
EXCELLENT CONDITION
INSPECT & TEST DRIVE TODAY


Discover the perfect family vehicle with this Used 2020 Mitsubishi ASX GSR XD. This stylish white SUV is designed with practicality and safety in mind, making it an excellent choice for parents and families with young children. With a spacious interior that comfortably seats five, you’ll have plenty of room for everyday activities and adventures. The impressive safety features, including a 5 Star ANCAP Safety Rating, ensure peace of mind on every journey.

Equipped with modern technology, the ASX GSR XD offers seamless connectivity and convenience, enhancing your driving experience. Key features include:

- Bluetooth
- Reversing Camera
- Cruise Control
- Keyless Start
- Lane Departure Warning
- Roof Rails
- Android Auto
- Apple CarPlay
- 5 Star ANCAP Safety Rating

Don’t miss the chance to own this versatile and reliable SUV that meets the demands of family life while providing comfort and style.",https://www.carbuy.com.au/cars/used-white-2020-mitsubishi-asx-u9994,Mitsubishi,ASX,2020,76760,KM,AUTOMATIC,GASOLINE,SUV,NONE,JMFXTGA5WMU000888,EXCELLENT,22488.00 AUD,"{""addr1"":""190-192 Atherton Rd"",""city"":""Oakleigh"",""region"":""VIC"",""postal_code"":3166,""country"":""Australia""}",White,,AVAILABLE,USED,-37.90096,145.104713,https://joshhalsallcmg.github.io/carbuy-tiles/U9994_1x1_2e2db915.jpg,https://joshhalsallcmg.github.io/carbuy-tiles/U9994_4x5_61377d8b.jpg,ASPECT_RATIO_4_5_PREFERRED,https://joshhalsallcmg.github.io/carbuy-tiles/U9994_9x16_d534176c.jpg,STORY_PREFERRED,REELS_PREFERRED,ASPECT_RATIO_9_16_PREFERRED,https://d2s8i866417m9.cloudfront.net/photo/59886228/photo/medium-70c36d3dd4684f8e879f76a16c1085b3.jpg,original_photo
U9995,2025 Toyota Corolla Cross Atmos MXGH10R,"1 PREVIOUS OWNER
2 KEYS
FULL TOYOTA SERVICE HISTORY
PRESENTS AS NEW
TWO-TONE OPTION PACK ($1,350)
PEARL WHITE OVER BLACK LEATHER
HYBRID TOP SPEC ATMOS
INSPECT & TEST DRIVE TODAY


Introducing the 2025 Toyota Corolla Cross Atmos MXGH10R, a stunning white SUV that perfectly blends style, functionality, and eco-conscious driving. This Hybrid vehicle is not only designed for families with young children but also caters to environmentally aware buyers seeking reduced fuel costs and lower emissions. With its spacious 5-seat configuration, it offers ample room for both passengers and cargo, making it a practical choice for everyday transportation. 

The Corolla Cross is packed with advanced features to enhance your driving experience, including climate control, a reversing camera for added safety, and Bluetooth connectivity for seamless smartphone integration. Enjoy the comfort of heated leather seats and the convenience of wireless charging. Additionally, the inclusion of lane departure warning and lane-keeping active assist helps keep you and your loved ones safe on the road. 

Key Features: 

- Climate Control  
- Bluetooth  
- Reversing Camera  
- Heated Seats  
- Lane Departure Warning  
- Lane Keeping Active Assist  
- Leather Seats  
- Roof Rails  
- Android Auto  
- Sunroof  
- Wireless Charging  
- 5 Star ANCAP Safety Rating  

Experience the perfect combination of safety, comfort, and sustainability with the 2025 Toyota Corolla Cross Atmos.",https://www.carbuy.com.au/cars/used-white-2025-toyota-corolla-cross-u9995,Toyota,Corolla Cross,2025,8947,KM,AUTOMATIC,HYBRID,SUV,NONE,JTNABAAB00J015687,EXCELLENT,47638.00 AUD,"{""addr1"":""190-192 Atherton Rd"",""city"":""Oakleigh"",""region"":""VIC"",""postal_code"":3166,""country"":""Australia""}",White,,AVAILABLE,USED,-37.90096,145.104713,https://joshhalsallcmg.github.io/carbuy-tiles/U9995_1x1_a4c4801e.jpg,https://joshhalsallcmg.github.io/carbuy-tiles/U9995_4x5_f97a2c19.jpg,ASPECT_RATIO_4_5_PREFERRED,https://joshhalsallcmg.github.io/carbuy-tiles/U9995_9x16_d8c1e34c.jpg,STORY_PREFERRED,REELS_PREFERRED,ASPECT_RATIO_9_16_PREFERRED,https://d2s8i866417m9.cloudfront.net/photo/60648140/photo/medium-84326111b4e38dde4a18665aa3bd5e0b.jpg,original_photo
U9998,2025 Ford Mustang GT FO,"THIS MUSTANG GT HAS ONE PREVIOUS OWNER FROM NEW
FULL FORD SERVICE HISTORY
2 KEYS
LOVELY CLEAN CAR
TEST DRIVE & INSPECT TODAY

Introducing the stunning Vapour Blue 2025 Ford Mustang GT FO, a true masterpiece in the realm of high-performance sports cars. This Coupe is designed for driving enthusiasts who appreciate the perfect blend of power and style. With its potent petrol engine and sport-tuned handling, this Mustang offers an exhilarating driving experience that will leave you wanting more. 

The interior boasts a range of luxurious features that enhance comfort and convenience, ensuring that every journey is enjoyable. Whether you’re cruising around the city or hitting the open road, this Mustang has you covered with its advanced technology and premium amenities. Don’t miss the opportunity to own a piece of automotive excellence.

Features include:

Climate Control  
Reversing Camera  
Heated Seats  
Keyless Start  
Lane Keeping Active Assist  
Leather Seats  
Wireless Charging  ",https://www.carbuy.com.au/cars/used-vapour-blue-2025-ford-mustang-u9998,Ford,Mustang,2025,17338,KM,AUTOMATIC,GASOLINE,COUPE,NONE,1FATP8NF9S5109542,EXCELLENT,70238.00 AUD,"{""addr1"":""190-192 Atherton Rd"",""city"":""Oakleigh"",""region"":""VIC"",""postal_code"":3166,""country"":""Australia""}",Blue,,AVAILABLE,USED,-37.90096,145.104713,https://joshhalsallcmg.github.io/carbuy-tiles/U9998_1x1_182eeb60.jpg,https://joshhalsallcmg.github.io/carbuy-tiles/U9998_4x5_25af07f5.jpg,ASPECT_RATIO_4_5_PREFERRED,https://joshhalsallcmg.github.io/carbuy-tiles/U9998_9x16_114729a5.jpg,STORY_PREFERRED,REELS_PREFERRED,ASPECT_RATIO_9_16_PREFERRED,https://d2s8i866417m9.cloudfront.net/photo/62530786/photo/medium-02d77152f278a5f840ec0a7b6f5bad5e.jpg,original_photo
U9999,2025 Ford Mustang GT FO,"Introducing the stunning Used Vapour Blue 2025 Ford Mustang GT FO, a true masterpiece for driving enthusiasts. This Coupe combines classic muscle car aesthetics with modern technology, making it the perfect companion for those who crave high-performance sports cars. With its powerful petrol engine and sport-tuned handling, you can experience exhilarating acceleration that will leave you wanting more. Inside, you’ll find a luxurious cabin equipped with premium features designed for comfort and convenience, ensuring every drive is as enjoyable as the last. 

Experience the thrill of the open road with the added peace of mind provided by advanced safety technologies. This Mustang GT FO is not just a car; it's a statement.

Key features include:

- Climate Control
- Reversing Camera
- Heated Seats
- Keyless Start
- Lane Keeping Active Assist
- Leather Seats
- Wireless Charging",https://www.carbuy.com.au/cars/used-vapour-blue-2025-ford-mustang-u9999,Ford,Mustang,2025,8763,KM,AUTOMATIC,GASOLINE,COUPE,NONE,1FATP8NF2S5109446,EXCELLENT,74988.00 AUD,"{""addr1"":""190-192 Atherton Rd"",""city"":""Oakleigh"",""region"":""VIC"",""postal_code"":3166,""country"":""Australia""}",Blue,,AVAILABLE,USED,-37.90096,145.104713,https://joshhalsallcmg.github.io/carbuy-tiles/U9999_1x1_56d574d0.jpg,https://joshhalsallcmg.github.io/carbuy-tiles/U9999_4x5_52ba5fed.jpg,ASPECT_RATIO_4_5_PREFERRED,https://joshhalsallcmg.github.io/carbuy-tiles/U9999_9x16_2e205a1e.jpg,STORY_PREFERRED,REELS_PREFERRED,ASPECT_RATIO_9_16_PREFERRED,https://d2s8i866417m9.cloudfront.net/photo/64090979/photo/medium-ce26b68852c548cfd5d1547827533d53.jpg,original_photo
U10001,2025 Ford Mustang GT FO,"Experience the thrill of driving with this stunning Used Blue 2025 Ford Mustang GT FO Coupe. Designed for enthusiasts, this high-performance sports car combines powerful engine capabilities with sport-tuned handling, ensuring an exhilarating ride every time you get behind the wheel. The sleek exterior is matched by a luxurious interior featuring leather seats that offer both comfort and style. 

Stay connected and comfortable with advanced features like climate control and wireless charging. Safety and convenience are paramount with lane keeping active assist and a reversing camera, making every drive as worry-free as possible. Whether you're cruising through the city or taking it for a spin on the open road, this Mustang GT FO promises a driving experience like no other.

Features:

Climate Control  
Reversing Camera  
Heated Seats  
Keyless Start  
Lane Keeping Active Assist  
Leather Seats  
Wireless Charging  ",https://www.carbuy.com.au/cars/used-blue-2025-ford-mustang-u10001,Ford,Mustang,2025,19218,KM,MANUAL,GASOLINE,COUPE,NONE,1FATP8NF2S5106935,EXCELLENT,72988.00 AUD,"{""addr1"":""190-192 Atherton Rd"",""city"":""Oakleigh"",""region"":""VIC"",""postal_code"":3166,""country"":""Australia""}",Blue,,AVAILABLE,USED,-37.90096,145.104713,https://joshhalsallcmg.github.io/carbuy-tiles/U10001_1x1_373a5e08.jpg,https://joshhalsallcmg.github.io/carbuy-tiles/U10001_4x5_6edac539.jpg,ASPECT_RATIO_4_5_PREFERRED,https://joshhalsallcmg.github.io/carbuy-tiles/U10001_9x16_30ae2fb7.jpg,STORY_PREFERRED,REELS_PREFERRED,ASPECT_RATIO_9_16_PREFERRED,https://d2s8i866417m9.cloudfront.net/photo/64506256/photo/medium-a436da6bc1bfb996130ca69ad836e592.jpg,original_photo
U10007,2020 Hyundai Kona OS.V4,"1 OWNER
FULL SERVICE HISTORY 
PRISTINE INTERIOR AND EXTERIOR
2 KEYS
TEST DRIVE AND INSPECT TODAY

Introducing the 2020 Hyundai Kona OS.V4, a versatile and stylish SUV that is perfect for families and parents with young children. This well-appointed vehicle offers a combination of practicality and safety, making it an excellent choice for everyday transport. With a spacious interior and comfortable seating for five, you'll have all the room you need for school runs, weekend adventures, and everything in between. 

The Kona is packed with modern features that enhance your driving experience, including advanced safety technologies to keep your loved ones safe on the road. Enjoy the convenience of Bluetooth connectivity and smartphone integration with Android Auto and Apple CarPlay, ensuring you stay connected while on the move. 

Key features include:

- Bluetooth
- Reversing Camera
- Lane Departure Warning
- Lane Keeping Active Assist
- Roof Rails
- Android Auto
- Apple CarPlay
- Wireless Charging
- 5 Star ANCAP Safety Rating

Don't miss the opportunity to own this reliable and feature-rich SUV that prioritises safety and comfort for your family.",https://www.carbuy.com.au/cars/used-white-2020-hyundai-kona-u10007,Hyundai,Kona,2020,57535,KM,AUTOMATIC,GASOLINE,SUV,NONE,KMHK281BTMU715579,EXCELLENT,20988.00 AUD,"{""addr1"":""190-192 Atherton Rd"",""city"":""Oakleigh"",""region"":""VIC"",""postal_code"":3166,""country"":""Australia""}",White,,AVAILABLE,USED,-37.90096,145.104713,https://joshhalsallcmg.github.io/carbuy-tiles/U10007_1x1_789bc705.jpg,https://joshhalsallcmg.github.io/carbuy-tiles/U10007_4x5_0f764f34.jpg,ASPECT_RATIO_4_5_PREFERRED,https://joshhalsallcmg.github.io/carbuy-tiles/U10007_9x16_27b7ac16.jpg,STORY_PREFERRED,REELS_PREFERRED,ASPECT_RATIO_9_16_PREFERRED,https://d2s8i866417m9.cloudfront.net/photo/62530825/photo/medium-c1e62c9cc04c26520197f2f4975da155.jpg,original_photo
U10014,2016 Toyota RAV4 Cruiser ASA44R,"1 OWNER
2 KEYS
COMPLETE SERVICE HISTORY
TOP SPEC CRUISER MODEL WITH AWD
EXCELLENT CONDITION
INSPECT AND TEST DRIVE TODAY


Discover the perfect blend of practicality and adventure with this stunning 2016 Toyota RAV4 Cruiser. With its spacious 5-seat configuration, this SUV is an excellent choice for families with young children, providing a safe and comfortable ride for daily commutes and weekend getaways alike. Equipped with a powerful petrol engine and 4WD capability, it’s ready for both urban driving and off-road excursions, making it a versatile companion for outdoor enthusiasts. 

This RAV4 comes loaded with features designed to enhance your driving experience, including advanced safety technology and luxurious comforts that are sure to impress. From the climate control system to the sunroof, every detail has been considered to provide you with the utmost convenience and enjoyment on the road.

Key features include:

Climate Control  
Bluetooth  
Reversing Camera  
Heated Seats  
Keyless Start  
Lane Departure Warning  
Leather Seats  
Roof Rails  
Sunroof  
5 Star ANCAP Safety Rating  

Don’t miss out on the opportunity to own this remarkable vehicle that combines safety, style, and performance. Come in for a test drive today!",https://www.carbuy.com.au/cars/used-hazel-2016-toyota-rav4-u10014,Toyota,RAV4,2016,120129,KM,AUTOMATIC,GASOLINE,SUV,NONE,JTMDFREV30J109166,EXCELLENT,26988.00 AUD,"{""addr1"":""190-192 Atherton Rd"",""city"":""Oakleigh"",""region"":""VIC"",""postal_code"":3166,""country"":""Australia""}",Brown,,AVAILABLE,USED,-37.90096,145.104713,https://joshhalsallcmg.github.io/carbuy-tiles/U10014_1x1_189a7f58.jpg,https://joshhalsallcmg.github.io/carbuy-tiles/U10014_4x5_d5f3a78f.jpg,ASPECT_RATIO_4_5_PREFERRED,https://joshhalsallcmg.github.io/carbuy-tiles/U10014_9x16_6a6109d2.jpg,STORY_PREFERRED,REELS_PREFERRED,ASPECT_RATIO_9_16_PREFERRED,https://d2s8i866417m9.cloudfront.net/photo/63291027/photo/medium-36b53629a4ed8e818a70fb29bd720016.jpg,original_photo
U10015,2021 MG HS Essence SAS23,"PRESENT VERY WELL INSIDE & OUT.
GOOD SERVICE HISTORY
2 KEYS 
TEST DRIVE & INSPECT TODAY 

Introducing the stunning 2021 MG HS Essence SAS23, a versatile and stylish SUV that perfectly blends practicality with modern features. With its spacious five-seat configuration, this vehicle is designed to cater to families and parents needing a reliable transport option for everyday life. The comprehensive safety features, highlighted by a 5 Star ANCAP Safety Rating, ensure peace of mind on the road. 

Packed with technology, the MG HS offers conveniences like Climate Control and Bluetooth connectivity, making every journey enjoyable. The heated seats and sunroof add a touch of luxury to your driving experience, while the reversing camera and lane keeping assist enhance safety for all passengers. 

Key Features:
- Climate Control
- Bluetooth
- Reversing Camera
- Heated Seats
- Keyless Start
- Lane Departure Warning
- Lane Keeping Active Assist
- Leather Seats
- Roof Rails
- Android Auto
- Apple CarPlay
- Sunroof
- 5 Star ANCAP Safety Rating

This MG HS is ready to meet the demands of a busy family lifestyle, combining comfort, safety, and style in one remarkable package.",https://www.carbuy.com.au/cars/used-white-2021-mg-hs-u10015,MG,HS,2021,91802,KM,AUTOMATIC,GASOLINE,SUV,NONE,LSJA24U98MN037657,EXCELLENT,16738.00 AUD,"{""addr1"":""190-192 Atherton Rd"",""city"":""Oakleigh"",""region"":""VIC"",""postal_code"":3166,""country"":""Australia""}",White,,AVAILABLE,USED,-37.90096,145.104713,https://joshhalsallcmg.github.io/carbuy-tiles/U10015_1x1_befde504.jpg,https://joshhalsallcmg.github.io/carbuy-tiles/U10015_4x5_bbb570fd.jpg,ASPECT_RATIO_4_5_PREFERRED,https://joshhalsallcmg.github.io/carbuy-tiles/U10015_9x16_e54cf71e.jpg,STORY_PREFERRED,REELS_PREFERRED,ASPECT_RATIO_9_16_PREFERRED,https://d2s8i866417m9.cloudfront.net/photo/62529348/photo/medium-20b56abd0e1dc31619186d59ec4460f7.jpg,original_photo
U10025,2026 Toyota Hilux SR5 48V GUN227R 4X4,"AS NEW 2026 HILUX SR5
AVAILABLE FOR IMMEDIATE SALE
FROSTED WHITE PAINT OPTION
LOWEST KILOMETRES & PRICED TO SELL
INSPECT TODAY!


Introducing the exceptional 2026 Toyota Hilux SR5 48V GUN227R, designed to meet the needs of tradespeople, contractors, and outdoor enthusiasts alike. This versatile Ute combines rugged capability with modern comforts, making it the perfect companion for any job or adventure. With a powerful diesel engine and elevated ground clearance, it excels in both hauling heavy loads and tackling unpaved terrain. The spacious interior comfortably seats five, ensuring you can travel with your crew or family in style.

The Hilux is equipped with a range of features to enhance your driving experience and safety. Whether you’re navigating urban roads or exploring the great outdoors, this vehicle is ready for anything.

Key features include:

- Climate Control
- Bluetooth
- Reversing Camera
- Heated Seats
- Keyless Start
- Lane Departure Warning
- Android Auto
- Apple CarPlay
- 5 Star ANCAP Safety Rating

Experience the perfect blend of functionality and comfort with the 2026 Toyota Hilux SR5. Visit us today to learn more!",https://www.carbuy.com.au/cars/used-white-2026-toyota-hilux-u10025,Toyota,Hilux,2026,46,KM,AUTOMATIC,DIESEL,TRUCK,NONE,MR0REBHV200545462,EXCELLENT,68738.00 AUD,"{""addr1"":""190-192 Atherton Rd"",""city"":""Oakleigh"",""region"":""VIC"",""postal_code"":3166,""country"":""Australia""}",White,,AVAILABLE,USED,-37.90096,145.104713,https://joshhalsallcmg.github.io/carbuy-tiles/U10025_1x1_e78eae3d.jpg,https://joshhalsallcmg.github.io/carbuy-tiles/U10025_4x5_45a03211.jpg,ASPECT_RATIO_4_5_PREFERRED,https://joshhalsallcmg.github.io/carbuy-tiles/U10025_9x16_a26a6567.jpg,STORY_PREFERRED,REELS_PREFERRED,ASPECT_RATIO_9_16_PREFERRED,https://d2s8i866417m9.cloudfront.net/photo/62410531/photo/medium-544f58f32ddd16bf8fb5cedae31e448a.jpg,original_photo
U10036,2025 Toyota Yaris GR GTS GXPA16R,"2025 GR GTS YARIS IN LIQUID MERCURY GREY
2 KEYS
1 OWNER
COMPLETE TOYOTA DEALERSHIP SERVICE HISTORY
GREAT CONDITION
INSPECT & TEST DRIVE TODAY


Introducing the exhilarating 2025 Toyota Yaris GR GTS GXPA16R, a hatchback that embodies the spirit of driving enthusiasts. With its powerful petrol engine and sport-tuned handling, this vehicle promises an engaging driving experience that will leave you craving the open road. The Yaris GR GTS is not just about performance; it also comes equipped with a range of modern features that enhance comfort and safety, making it a well-rounded choice for those who appreciate both thrills and practicality.

This vehicle is designed for those who demand more from their driving experience, offering rapid acceleration and impressive agility. Whether you’re navigating city streets or tackling winding roads, the Yaris GR GTS delivers on every front. Take advantage of its advanced technology and luxurious touches that elevate your journey.

Key features include:

- Climate Control  
- Bluetooth  
- Reversing Camera  
- Heated Seats  
- Keyless Start  
- Lane Departure Warning  
- Lane Keeping Active Assist  

Don’t miss your chance to experience this remarkable hatchback that combines performance and comfort in a stylish package.",https://www.carbuy.com.au/cars/used-grey-2025-toyota-yaris-u10036,Toyota,Yaris,2025,15694,KM,MANUAL,GASOLINE,HATCHBACK,NONE,JTDAF4E380A034422,EXCELLENT,55488.00 AUD,"{""addr1"":""190-192 Atherton Rd"",""city"":""Oakleigh"",""region"":""VIC"",""postal_code"":3166,""country"":""Australia""}",Grey,,AVAILABLE,USED,-37.90096,145.104713,https://joshhalsallcmg.github.io/carbuy-tiles/U10036_1x1_6c3fe676.jpg,https://joshhalsallcmg.github.io/carbuy-tiles/U10036_4x5_b3b63f14.jpg,ASPECT_RATIO_4_5_PREFERRED,https://joshhalsallcmg.github.io/carbuy-tiles/U10036_9x16_69b1f45a.jpg,STORY_PREFERRED,REELS_PREFERRED,ASPECT_RATIO_9_16_PREFERRED,https://d2s8i866417m9.cloudfront.net/photo/63125200/photo/medium-f98a39e5f8704bba2348ee326c287d85.jpg,original_photo
U10038,2026 Ford Ranger Wildtrak 4X4 3.0L,"Introducing the used 2026 Ford Ranger Wildtrak in a sleek grey finish, perfect for tradespeople, contractors, and outdoor enthusiasts alike. With its robust Ute body and powerful diesel engine, this vehicle is designed to handle heavy loads while providing excellent comfort and convenience for both work and play. The elevated ground clearance and 4WD capability make it an outstanding choice for navigating unpaved terrains, whether you're on a job site or heading out for a weekend adventure.

Inside, you'll find a range of features that enhance your driving experience, including climate control and heated leather seats, ensuring comfort in all conditions. Advanced safety technologies such as lane departure warning and lane keeping active assist provide peace of mind on the road. This Ranger also boasts a 5-star ANCAP safety rating, making it a safe choice for you and your passengers.

Key features include: 

- Climate Control  
- Bluetooth  
- Reversing Camera  
- Heated Seats  
- Keyless Start  
- Lane Departure Warning  
- Lane Keeping Active Assist  
- Leather Seats  
- Roof Rails  
- 5 Star ANCAP Safety Rating  

With its combination of rugged capability and modern conveniences, the 2026 Ford Ranger Wildtrak is ready to tackle any challenge you throw its way.",https://www.carbuy.com.au/cars/used-grey-2026-ford-ranger-u10038,Ford,Ranger,2026,8298,KM,AUTOMATIC,DIESEL,TRUCK,NONE,MPBCMFF70TX745785,EXCELLENT,66988.00 AUD,"{""addr1"":""190-192 Atherton Rd"",""city"":""Oakleigh"",""region"":""VIC"",""postal_code"":3166,""country"":""Australia""}",Grey,,AVAILABLE,USED,-37.90096,145.104713,https://joshhalsallcmg.github.io/carbuy-tiles/U10038_1x1_14eec994.jpg,https://joshhalsallcmg.github.io/carbuy-tiles/U10038_4x5_b36c12d6.jpg,ASPECT_RATIO_4_5_PREFERRED,https://joshhalsallcmg.github.io/carbuy-tiles/U10038_9x16_b6d94f36.jpg,STORY_PREFERRED,REELS_PREFERRED,ASPECT_RATIO_9_16_PREFERRED,https://d2s8i866417m9.cloudfront.net/photo/63916190/photo/medium-b9074cb4f42dcb19cbaf29ab48a8c94d.jpg,original_photo
U10041,2025 Ford Ranger Wildtrak 4X4 3.0L,"Introducing the 2025 Ford Ranger Wildtrak, a robust and stylish Ute designed to meet the demands of both tradespeople and outdoor enthusiasts. With its powerful diesel engine and spacious five-seat configuration, this vehicle is perfect for hauling tools, equipment, and gear for work or adventure. The Ranger Wildtrak combines rugged capability with modern features, ensuring you stay comfortable and connected on any journey. Whether navigating unpaved terrain or cruising through the city, the elevated ground clearance and advanced safety systems provide peace of mind.

Key features include:

- Climate Control
- Bluetooth
- Reversing Camera
- Heated Seats
- Keyless Start
- Lane Departure Warning
- Lane Keeping Active Assist
- Leather Seats
- Roof Rails
- 5 Star ANCAP Safety Rating

This vehicle is built for those who demand performance and reliability from their Ute, making it a practical choice for work-focused tasks or weekend getaways. Come and experience the versatility of the 2025 Ford Ranger Wildtrak today!",https://www.carbuy.com.au/cars/used-silver-2025-ford-ranger-u10041,Ford,Ranger,2025,7385,KM,AUTOMATIC,DIESEL,TRUCK,NONE,MPBCMFF70SX742073,EXCELLENT,66988.00 AUD,"{""addr1"":""190-192 Atherton Rd"",""city"":""Oakleigh"",""region"":""VIC"",""postal_code"":3166,""country"":""Australia""}",Silver,,AVAILABLE,USED,-37.90096,145.104713,https://joshhalsallcmg.github.io/carbuy-tiles/U10041_1x1_4e6aa3e4.jpg,https://joshhalsallcmg.github.io/carbuy-tiles/U10041_4x5_037e5304.jpg,ASPECT_RATIO_4_5_PREFERRED,https://joshhalsallcmg.github.io/carbuy-tiles/U10041_9x16_ebf9ab5b.jpg,STORY_PREFERRED,REELS_PREFERRED,ASPECT_RATIO_9_16_PREFERRED,https://d2s8i866417m9.cloudfront.net/photo/63975571/photo/medium-5c2976b0f7d67dbfd7b25f608aa0136b.jpg,original_photo
U10042,2025 Ford Ranger Wildtrak 4X4 2.0L,"Introducing the impressive 2025 Ford Ranger Wildtrak, a robust and versatile Ute designed to meet the needs of tradespeople, contractors, and outdoor enthusiasts alike. With its powerful diesel engine and spacious seating for five, this vehicle is built for both work and play. The elevated ground clearance and rugged capability make it perfect for tackling unpaved terrain, whether you're heading to a job site or exploring the great outdoors.

This Ranger is equipped with a suite of modern features that enhance comfort and safety, ensuring a pleasant driving experience no matter the conditions. With a 5 Star ANCAP Safety Rating, you can trust that safety is a priority in this well-designed vehicle.

Key Features:

Climate Control  
Bluetooth  
Reversing Camera  
Heated Seats  
Keyless Start  
Lane Departure Warning  
Lane Keeping Active Assist  
Leather Seats  
Roof Rails  
5 Star ANCAP Safety Rating  

Don't miss your chance to own this capable and stylish Ute that perfectly balances functionality and comfort.",https://www.carbuy.com.au/cars/used-white-2025-ford-ranger-u10042,Ford,Ranger,2025,6742,KM,AUTOMATIC,DIESEL,TRUCK,NONE,MPBCMFF60SX743606,EXCELLENT,62988.00 AUD,"{""addr1"":""190-192 Atherton Rd"",""city"":""Oakleigh"",""region"":""VIC"",""postal_code"":3166,""country"":""Australia""}",White,,AVAILABLE,USED,-37.90096,145.104713,https://joshhalsallcmg.github.io/carbuy-tiles/U10042_1x1_8e25bb68.jpg,https://joshhalsallcmg.github.io/carbuy-tiles/U10042_4x5_89016b18.jpg,ASPECT_RATIO_4_5_PREFERRED,https://joshhalsallcmg.github.io/carbuy-tiles/U10042_9x16_f44901b3.jpg,STORY_PREFERRED,REELS_PREFERRED,ASPECT_RATIO_9_16_PREFERRED,https://d2s8i866417m9.cloudfront.net/photo/64506191/photo/medium-af504d32e55b654f1bd8629e8e918eb9.jpg,original_photo
U10043,2025 Ford Ranger Wildtrak 4X4 2.0L,"Discover the robust and versatile 2025 Ford Ranger Wildtrak, a used vehicle that perfectly blends functionality and comfort. This white Ute is designed for tradespeople, contractors, and outdoor adventurers alike, offering the rugged capability needed for unpaved terrain while providing a comfortable ride for everyday use. With its powerful diesel engine and elevated ground clearance, this Ranger is ready to tackle any job or weekend getaway.

Inside, you'll find a range of features that enhance driving pleasure and safety, making it an excellent choice for those who require a work-focused vehicle without compromising on comfort. Experience the convenience of modern technology and the assurance of a 5 Star ANCAP safety rating.

Key features include:

- Climate Control
- Bluetooth
- Reversing Camera
- Heated Seats
- Keyless Start
- Lane Departure Warning
- Lane Keeping Active Assist
- Leather Seats
- Roof Rails
- 5 Star ANCAP Safety Rating

Don't miss your opportunity to own this versatile vehicle that meets the demands of both work and play.",https://www.carbuy.com.au/cars/used-white-2025-ford-ranger-u10043,Ford,Ranger,2025,4952,KM,AUTOMATIC,DIESEL,TRUCK,NONE,MPBCMFF60SX743608,EXCELLENT,62488.00 AUD,"{""addr1"":""190-192 Atherton Rd"",""city"":""Oakleigh"",""region"":""VIC"",""postal_code"":3166,""country"":""Australia""}",White,,AVAILABLE,USED,-37.90096,145.104713,https://joshhalsallcmg.github.io/carbuy-tiles/U10043_1x1_db1cc6b7.jpg,https://joshhalsallcmg.github.io/carbuy-tiles/U10043_4x5_8c93df7b.jpg,ASPECT_RATIO_4_5_PREFERRED,https://joshhalsallcmg.github.io/carbuy-tiles/U10043_9x16_abe6518b.jpg,STORY_PREFERRED,REELS_PREFERRED,ASPECT_RATIO_9_16_PREFERRED,https://d2s8i866417m9.cloudfront.net/photo/63847167/photo/medium-7d881364990e4a1fa9b6cd6bc68d373b.jpg,original_photo
U10045,2025 Ford Everest Sport 3.0L,"Discover the 2025 Ford Everest Sport, a stunning used SUV that combines rugged capability with family-friendly features. This spacious vehicle comfortably seats seven, making it perfect for larger families or those needing extra passenger capacity for carpooling or weekend adventures. With its diesel engine and 4WD capability, the Everest Sport is well-equipped for both urban driving and off-road excursions, ensuring you can tackle any terrain with confidence. 

Enjoy a wealth of advanced features designed for comfort and safety, including climate control and heated seats for those chilly mornings. The reversing camera and lane departure warning provide added peace of mind, while Bluetooth connectivity keeps you connected on the go. 

Key features of the 2025 Ford Everest Sport include:

Climate Control  
Bluetooth  
Reversing Camera  
Heated Seats  
Keyless Start  
Lane Departure Warning  
Lane Keeping Active Assist  
Leather Seats  
Roof Rails  
7+ Seats  
5 Star ANCAP Safety Rating  

This vehicle is perfect for outdoor enthusiasts looking to explore the great Australian outdoors or families needing versatility and reliability in their everyday lives. Don't miss out on this exceptional opportunity!",https://www.carbuy.com.au/cars/used-white-2025-ford-everest-u10045,Ford,Everest,2025,7584,KM,AUTOMATIC,DIESEL,SUV,NONE,MNARXXMAWRSE94516,EXCELLENT,70488.00 AUD,"{""addr1"":""190-192 Atherton Rd"",""city"":""Oakleigh"",""region"":""VIC"",""postal_code"":3166,""country"":""Australia""}",White,,AVAILABLE,USED,-37.90096,145.104713,https://joshhalsallcmg.github.io/carbuy-tiles/U10045_1x1_d4af2def.jpg,https://joshhalsallcmg.github.io/carbuy-tiles/U10045_4x5_d3773501.jpg,ASPECT_RATIO_4_5_PREFERRED,https://joshhalsallcmg.github.io/carbuy-tiles/U10045_9x16_bd3c181d.jpg,STORY_PREFERRED,REELS_PREFERRED,ASPECT_RATIO_9_16_PREFERRED,https://d2s8i866417m9.cloudfront.net/photo/63847278/photo/medium-acbd209a203d404fe7ff763b76f438fe.jpg,original_photo
U10051,2025 Ford Ranger Platinum 4X4 3.0L,"Introducing the 2025 Ford Ranger Platinum in a sleek grey finish, designed to meet the demands of both tradespeople and adventure enthusiasts alike. This robust Ute is powered by a reliable diesel engine, offering the perfect balance of strength and efficiency. With a spacious 5-seat configuration, it's equipped to comfortably transport your team or family on work sites or weekend getaways. The Ranger Platinum boasts impressive features tailored for your convenience and safety, ensuring a smooth and enjoyable driving experience whether you're navigating urban streets or rugged terrain.

Key features include:

Climate Control  
Bluetooth  
Reversing Camera  
Heated Seats  
Keyless Start  
Lane Departure Warning  
Lane Keeping Active Assist  
Leather Seats  
Roof Rails  
5 Star ANCAP Safety Rating  

This vehicle is built for those who require functionality and versatility, making it a top choice for hauling cargo, tools, and equipment, as well as for outdoor adventures like camping and 4WD touring. Experience the perfect blend of capability and comfort with the Ford Ranger Platinum.",https://www.carbuy.com.au/cars/used-grey-2025-ford-ranger-u10051,Ford,Ranger,2025,11629,KM,AUTOMATIC,DIESEL,TRUCK,NONE,MNACMFF70SW360968,EXCELLENT,72988.00 AUD,"{""addr1"":""190-192 Atherton Rd"",""city"":""Oakleigh"",""region"":""VIC"",""postal_code"":3166,""country"":""Australia""}",Grey,,AVAILABLE,USED,-37.90096,145.104713,https://joshhalsallcmg.github.io/carbuy-tiles/U10051_1x1_4e0b6719.jpg,https://joshhalsallcmg.github.io/carbuy-tiles/U10051_4x5_7504d2e9.jpg,ASPECT_RATIO_4_5_PREFERRED,https://joshhalsallcmg.github.io/carbuy-tiles/U10051_9x16_e8414c5a.jpg,STORY_PREFERRED,REELS_PREFERRED,ASPECT_RATIO_9_16_PREFERRED,https://d2s8i866417m9.cloudfront.net/photo/64506128/photo/medium-bd46896617709fdbc8a1c10a4f895360.jpg,original_photo
U10052,2025 Ford Ranger Platinum 4X4 3.0L,"Introducing the 2025 Ford Ranger Platinum – a versatile and robust vehicle that perfectly combines functionality with comfort. This used white Ute is powered by a reliable diesel engine, making it an excellent choice for tradespeople, contractors, and outdoor enthusiasts alike. The Ranger is designed for those who require a work-focused vehicle that excels in hauling cargo, tools, and equipment, while also being ready for off-road adventures with its elevated ground clearance and rugged capabilities.

With a spacious five-seat capacity, this Ranger is equipped with advanced features to enhance your driving experience. Stay comfortable on the road with climate control and indulge in the luxury of heated leather seats. The inclusion of Bluetooth connectivity and a reversing camera ensures convenience and safety while navigating tight spaces. 

Whether you're on a work site or exploring the great outdoors, the 2025 Ford Ranger Platinum has you covered with its impressive safety features and capabilities.

Key Features:
- Climate Control
- Bluetooth
- Reversing Camera
- Heated Seats
- Keyless Start
- Lane Departure Warning
- Lane Keeping Active Assist
- Leather Seats
- Roof Rails
- 5 Star ANCAP Safety Rating",https://www.carbuy.com.au/cars/used-white-2025-ford-ranger-u10052,Ford,Ranger,2025,8483,KM,AUTOMATIC,DIESEL,TRUCK,NONE,MNACMFF70SW360969,EXCELLENT,72988.00 AUD,"{""addr1"":""190-192 Atherton Rd"",""city"":""Oakleigh"",""region"":""VIC"",""postal_code"":3166,""country"":""Australia""}",White,,AVAILABLE,USED,-37.90096,145.104713,https://joshhalsallcmg.github.io/carbuy-tiles/U10052_1x1_cae3bfe0.jpg,https://joshhalsallcmg.github.io/carbuy-tiles/U10052_4x5_ca0b9180.jpg,ASPECT_RATIO_4_5_PREFERRED,https://joshhalsallcmg.github.io/carbuy-tiles/U10052_9x16_44fad0be.jpg,STORY_PREFERRED,REELS_PREFERRED,ASPECT_RATIO_9_16_PREFERRED,https://d2s8i866417m9.cloudfront.net/photo/63916192/photo/medium-486f6cf3f5812205eaf45277d7ce33c3.jpg,original_photo
U10053,2025 Ford Ranger Platinum 4X4 3.0L,"Introducing the 2025 Ford Ranger Platinum in a sleek grey finish, a versatile Ute designed to cater to both tradespeople and outdoor enthusiasts. This robust vehicle combines rugged capability with premium features, making it the perfect companion for hauling tools and navigating unpaved terrains. With its powerful diesel engine and elevated ground clearance, the Ranger is built to tackle any challenge, whether it's on the job site or during your weekend adventures.

Experience a comfortable ride with luxurious leather seats and heated front seats, while the climate control ensures you stay at the perfect temperature regardless of the conditions outside. Stay connected and navigate with ease thanks to the integrated Bluetooth system and reversing camera. Safety is paramount, and with a 5 Star ANCAP safety rating, you can drive with peace of mind knowing you and your passengers are well-protected.

Key features include:

Climate Control  
Bluetooth  
Reversing Camera  
Heated Seats  
Keyless Start  
Lane Departure Warning  
Lane Keeping Active Assist  
Leather Seats  
Roof Rails  
5 Star ANCAP Safety Rating  

This Ford Ranger Platinum is not just a vehicle; it's a reliable partner for your work and play. Come and experience its capabilities for yourself.",https://www.carbuy.com.au/cars/used-grey-2025-ford-ranger-u10053,Ford,Ranger,2025,6097,KM,AUTOMATIC,DIESEL,TRUCK,NONE,MNACMFF70SW360967,EXCELLENT,72988.00 AUD,"{""addr1"":""190-192 Atherton Rd"",""city"":""Oakleigh"",""region"":""VIC"",""postal_code"":3166,""country"":""Australia""}",Grey,,AVAILABLE,USED,-37.90096,145.104713,https://joshhalsallcmg.github.io/carbuy-tiles/U10053_1x1_d62125fc.jpg,https://joshhalsallcmg.github.io/carbuy-tiles/U10053_4x5_c5938399.jpg,ASPECT_RATIO_4_5_PREFERRED,https://joshhalsallcmg.github.io/carbuy-tiles/U10053_9x16_bad1bfdf.jpg,STORY_PREFERRED,REELS_PREFERRED,ASPECT_RATIO_9_16_PREFERRED,https://d2s8i866417m9.cloudfront.net/photo/63976208/photo/medium-e973709603fc1b307a308891eb5dff87.jpg,original_photo
U10059,2022 Ford Ranger Wildtrak 4X4 2.0L,"1 OWNER
2 KEYS
COMPLETE FORD DEALERSHIP SERVICE HISTORY
EXCELLENT CONDITION 
INSPECT & TEST DRIVE TODAY


Introducing the impressive 2022 Ford Ranger Wildtrak, a versatile Ute designed for both work and play. This robust vehicle is equipped with a powerful diesel engine and offers ample seating for five, making it an excellent choice for tradespeople and outdoor enthusiasts alike. With its rugged capability and elevated ground clearance, the Ranger is perfectly suited for hauling cargo, tools, and equipment, as well as tackling unpaved terrain for camping or rural adventures. 

Enjoy a range of modern features that enhance comfort and safety, ensuring you have everything you need at your fingertips. The 5 Star ANCAP Safety Rating gives peace of mind while on the road. Don't miss the opportunity to own this exceptional vehicle designed for those who demand performance and reliability.

Key features include:

- Climate Control
- Bluetooth
- Reversing Camera
- Heated Seats
- Keyless Start
- Lane Departure Warning
- Lane Keeping Active Assist
- Leather Seats
- Roof Rails
- Wireless Charging
- 5 Star ANCAP Safety Rating",https://www.carbuy.com.au/cars/used-black-2022-ford-ranger-u10059,Ford,Ranger,2022,64870,KM,AUTOMATIC,DIESEL,TRUCK,NONE,MPBCMFF60NX450679,EXCELLENT,46988.00 AUD,"{""addr1"":""190-192 Atherton Rd"",""city"":""Oakleigh"",""region"":""VIC"",""postal_code"":3166,""country"":""Australia""}",Black,,AVAILABLE,USED,-37.90096,145.104713,https://joshhalsallcmg.github.io/carbuy-tiles/U10059_1x1_f579175b.jpg,https://joshhalsallcmg.github.io/carbuy-tiles/U10059_4x5_66dea3ad.jpg,ASPECT_RATIO_4_5_PREFERRED,https://joshhalsallcmg.github.io/carbuy-tiles/U10059_9x16_3fcea179.jpg,STORY_PREFERRED,REELS_PREFERRED,ASPECT_RATIO_9_16_PREFERRED,https://d2s8i866417m9.cloudfront.net/photo/63125418/photo/medium-b224aa5277af1de64bf0d7ea78fdd99f.jpg,original_photo
U10060,2023 Hyundai i20 N BC3.V1,"1 PRIVATE OWNER
TWO TONE RED DRAGON PAINT WITH A BLACK ROOF
HYUNDAI DEALERSHIP SERVICE HISTORY
UNMODIFIED
EXCELLENT CONDITION
TEST DRIVE TODAY




Discover the exciting 2023 Hyundai i20 N BC3.V1, a vibrant red hatch that combines style with practicality. This vehicle is perfect for families seeking a reliable option for everyday transportation while ensuring safety and convenience. With its spacious interior accommodating five seats, this car is designed with parents in mind. Enjoy the advanced technology features that enhance your driving experience, making it both enjoyable and efficient.

Key features of the 2023 Hyundai i20 N BC3.V1 include:

- Bluetooth
- Reversing Camera
- Cruise Control
- Keyless Start
- Lane Departure Warning
- Lane Keeping Active Assist
- Android Auto
- Apple CarPlay
- Wireless Charging

Explore the perfect blend of comfort and functionality with the Hyundai i20 N, and make every journey a delightful experience for you and your family.",https://www.carbuy.com.au/cars/used-red-2023-hyundai-i20-u10060,Hyundai,i20,2023,12911,KM,MANUAL,GASOLINE,HATCHBACK,NONE,NLHBU51FLNZ009954,EXCELLENT,34488.00 AUD,"{""addr1"":""190-192 Atherton Rd"",""city"":""Oakleigh"",""region"":""VIC"",""postal_code"":3166,""country"":""Australia""}",Red,,AVAILABLE,USED,-37.90096,145.104713,https://joshhalsallcmg.github.io/carbuy-tiles/U10060_1x1_d1f1a118.jpg,https://joshhalsallcmg.github.io/carbuy-tiles/U10060_4x5_4ce7aa44.jpg,ASPECT_RATIO_4_5_PREFERRED,https://joshhalsallcmg.github.io/carbuy-tiles/U10060_9x16_5d0f53ad.jpg,STORY_PREFERRED,REELS_PREFERRED,ASPECT_RATIO_9_16_PREFERRED,https://d2s8i866417m9.cloudfront.net/photo/62791599/photo/medium-286a4eafd3691262dadbffb2316029fa.jpg,original_photo
U10061,2022 Kia Cerato Sport+ BD,"1 OWNER FROM NEW
2 KEYS
FULL KIA SERVICE HISTORY
LONG REGO (28/06/2027)
GOOD TYRES
LOVELY CAR 
TEST DRIVE TODAY


Introducing the stunning used grey 2022 Kia Cerato Sport+ BD, a versatile sedan that perfectly balances style, comfort, and practicality. This vehicle is designed with families in mind, offering ample space for up to five passengers and a range of features that enhance both safety and driving pleasure. With its impressive 5 Star ANCAP Safety Rating, you can drive with confidence knowing that your loved ones are well protected on every journey. 

The Cerato Sport+ is equipped with modern conveniences such as Climate Control and Bluetooth connectivity, ensuring a comfortable and connected ride. The addition of a Reversing Camera and Lane Keeping Active Assist further enhances safety, making parking and lane changes effortless. Whether you're commuting to work or taking the kids to school, the heated seats and luxurious leather interior provide comfort for all passengers. Plus, with Keyless Start, Android Auto, and Apple CarPlay, staying connected has never been easier.

Key features of the 2022 Kia Cerato Sport+ BD include:

Climate Control  
Bluetooth  
Reversing Camera  
Heated Seats  
Keyless Start  
Lane Keeping Active Assist  
Leather Seats  
Android Auto  
Apple CarPlay  
5 Star ANCAP Safety Rating  

Experience the perfect blend of safety, comfort, and technology with the Kia Cerato Sport+. Come in for a test drive today!",https://www.carbuy.com.au/cars/used-grey-2022-kia-cerato-u10061,Kia,Cerato,2022,73322,KM,AUTOMATIC,GASOLINE,SEDAN,NONE,KNAF341CMN5148926,EXCELLENT,23238.00 AUD,"{""addr1"":""190-192 Atherton Rd"",""city"":""Oakleigh"",""region"":""VIC"",""postal_code"":3166,""country"":""Australia""}",Grey,,AVAILABLE,USED,-37.90096,145.104713,https://joshhalsallcmg.github.io/carbuy-tiles/U10061_1x1_b82a05eb.jpg,https://joshhalsallcmg.github.io/carbuy-tiles/U10061_4x5_6b21a1ba.jpg,ASPECT_RATIO_4_5_PREFERRED,https://joshhalsallcmg.github.io/carbuy-tiles/U10061_9x16_5a52a4d6.jpg,STORY_PREFERRED,REELS_PREFERRED,ASPECT_RATIO_9_16_PREFERRED,https://d2s8i866417m9.cloudfront.net/photo/62880073/photo/medium-e44e9300d15c10271c2d845895c47a45.jpg,original_photo
U10065,2021 Kia Seltos Sport SP2,"Discover the vibrant and versatile 2021 Kia Seltos Sport SP2 in a striking yellow finish. This SUV is a perfect blend of style and functionality, making it an excellent choice for parents and families with young children. With its spacious five-seat configuration, you can comfortably accommodate your family and all their gear. The Seltos comes equipped with a host of advanced safety and convenience features designed to enhance your driving experience while keeping your loved ones safe. 

Embrace modern technology with seamless connectivity options and enjoy the peace of mind that comes with a 5-star ANCAP safety rating. 

Key features include: 

- Bluetooth  
- Reversing Camera  
- Cruise Control  
- Lane Departure Warning  
- Lane Keeping Active Assist  
- Roof Rails  
- Android Auto  
- Apple CarPlay  
- 5 Star ANCAP Safety Rating  

Come and experience the Kia Seltos Sport SP2 today, and see how it can elevate your everyday journeys.",https://www.carbuy.com.au/cars/used-yellow-2021-kia-seltos-u10065,Kia,Seltos,2021,70457,KM,AUTOMATIC,GASOLINE,SUV,NONE,KNAEP81ATM7182449,EXCELLENT,22988.00 AUD,"{""addr1"":""190-192 Atherton Rd"",""city"":""Oakleigh"",""region"":""VIC"",""postal_code"":3166,""country"":""Australia""}",Yellow,,AVAILABLE,USED,-37.90096,145.104713,https://joshhalsallcmg.github.io/carbuy-tiles/U10065_1x1_d623a6bd.jpg,https://joshhalsallcmg.github.io/carbuy-tiles/U10065_4x5_880123b5.jpg,ASPECT_RATIO_4_5_PREFERRED,https://joshhalsallcmg.github.io/carbuy-tiles/U10065_9x16_b90b6175.jpg,STORY_PREFERRED,REELS_PREFERRED,ASPECT_RATIO_9_16_PREFERRED,https://d2s8i866417m9.cloudfront.net/photo/63542263/photo/medium-9eff289628e3dcb5bed1a9bd63c491bc.jpg,original_photo
U10066,2022 Ford Ranger XLT 4X4 3.0L,"Discover the rugged versatility of this Used Orange 2022 Ford Ranger XLT, designed specifically for those who demand performance and capability in their work and play. With its powerful diesel engine and robust ute body, this vehicle is perfect for tradespeople, contractors, and outdoor enthusiasts alike. The elevated ground clearance and 4WD/4X4 capabilities make it an excellent choice for tackling unpaved terrain, camping adventures, or rural living. This Ranger is not only built for hauling cargo, tools, and equipment, but it also comes packed with features that enhance comfort and safety. 

Key features include: 

- Climate Control  
- Bluetooth  
- Reversing Camera  
- Keyless Start  
- Lane Departure Warning  
- Lane Keeping Active Assist  
- 5 Star ANCAP Safety Rating  

Whether you’re on the job site or exploring the great outdoors, this Ford Ranger XLT is ready to meet your demands.",https://www.carbuy.com.au/cars/used-orange-2022-ford-ranger-u10066,Ford,Ranger,2022,84242,KM,AUTOMATIC,DIESEL,TRUCK,NONE,MNACMFF70NW237328,EXCELLENT,42988.00 AUD,"{""addr1"":""190-192 Atherton Rd"",""city"":""Oakleigh"",""region"":""VIC"",""postal_code"":3166,""country"":""Australia""}",Orange,,AVAILABLE,USED,-37.90096,145.104713,https://joshhalsallcmg.github.io/carbuy-tiles/U10066_1x1_ea95e1e6.jpg,https://joshhalsallcmg.github.io/carbuy-tiles/U10066_4x5_5ff4caa0.jpg,ASPECT_RATIO_4_5_PREFERRED,https://joshhalsallcmg.github.io/carbuy-tiles/U10066_9x16_ad31951c.jpg,STORY_PREFERRED,REELS_PREFERRED,ASPECT_RATIO_9_16_PREFERRED,https://d2s8i866417m9.cloudfront.net/photo/62791797/photo/medium-ab500d4a33a019bf0efa2a2ce2fa3053.jpg,original_photo
U10068,2025 Hyundai Kona Premium SX2.V3,"Introducing the 2025 Hyundai Kona Premium SX2.V3, a stylish and versatile SUV that perfectly blends practicality with modern features. This vehicle is designed with families in mind, offering a spacious interior with five comfortable seats, making it an excellent choice for parents with young children. Equipped with advanced technology and safety features, you can drive with confidence knowing your loved ones are well-protected. The sleek grey exterior combined with luxurious leather seats ensures you travel in style, while climate control and heated seats provide comfort for all passengers. The reversing camera and lane keeping active assist enhance your driving experience, making everyday trips smoother and safer.

Key features include:

Climate Control  
Bluetooth  
Reversing Camera  
Electric Seats  
Heated Seats  
Keyless Start  
Lane Keeping Active Assist  
Leather Seats  

Experience the perfect blend of comfort, safety, and style with the 2025 Hyundai Kona Premium SX2.V3. Come in for a test drive today!",https://www.carbuy.com.au/cars/used-grey-2025-hyundai-kona-u10068,Hyundai,Kona,2025,2896,KM,AUTOMATIC,GASOLINE,SUV,NONE,KMHHE81BTTU437606,EXCELLENT,39988.00 AUD,"{""addr1"":""190-192 Atherton Rd"",""city"":""Oakleigh"",""region"":""VIC"",""postal_code"":3166,""country"":""Australia""}",Grey,,AVAILABLE,USED,-37.90096,145.104713,https://joshhalsallcmg.github.io/carbuy-tiles/U10068_1x1_8f199637.jpg,https://joshhalsallcmg.github.io/carbuy-tiles/U10068_4x5_46e0864e.jpg,ASPECT_RATIO_4_5_PREFERRED,https://joshhalsallcmg.github.io/carbuy-tiles/U10068_9x16_5ac5b78f.jpg,STORY_PREFERRED,REELS_PREFERRED,ASPECT_RATIO_9_16_PREFERRED,https://d2s8i866417m9.cloudfront.net/photo/63695704/photo/medium-f36ddcd43d845fe35e48da6f3c179477.jpg,original_photo
U10070,2017 Ford Mustang GT FM,"Experience the thrill of driving with this stunning 2017 Ford Mustang GT FM Coupe, presented in a striking white finish. This high-performance sports car is designed for driving enthusiasts who appreciate powerful engines and sport-tuned handling, delivering an exhilarating ride every time you hit the road. With a petrol engine that offers rapid acceleration, the Mustang GT is perfect for those who crave excitement behind the wheel. 

Inside, you'll find a host of modern features that enhance comfort and convenience, making every journey enjoyable. From climate control to advanced connectivity options, this Mustang is equipped to meet the needs of today's drivers. Don’t miss out on the opportunity to own a true icon in the automotive world.

Features include:  
- Climate Control  
- Bluetooth  
- Reversing Camera  
- Cruise Control  
- Heated Seats  
- Keyless Start  
- Android Auto  
- Apple CarPlay  ",https://www.carbuy.com.au/cars/used-white-2017-ford-mustang-u10070,Ford,Mustang,2017,30184,KM,AUTOMATIC,GASOLINE,COUPE,NONE,1FA6P8CFXH5347327,EXCELLENT,47988.00 AUD,"{""addr1"":""190-192 Atherton Rd"",""city"":""Oakleigh"",""region"":""VIC"",""postal_code"":3166,""country"":""Australia""}",White,,AVAILABLE,USED,-37.90096,145.104713,https://joshhalsallcmg.github.io/carbuy-tiles/U10070_1x1_9937abcd.jpg,https://joshhalsallcmg.github.io/carbuy-tiles/U10070_4x5_c8377f34.jpg,ASPECT_RATIO_4_5_PREFERRED,https://joshhalsallcmg.github.io/carbuy-tiles/U10070_9x16_a3d088a4.jpg,STORY_PREFERRED,REELS_PREFERRED,ASPECT_RATIO_9_16_PREFERRED,https://d2s8i866417m9.cloudfront.net/photo/64198483/photo/medium-858ff481e837da566e6b2ee51b83846b.jpg,original_photo
U10074,2017 Honda HR-V VTi,"Introducing the versatile 2017 Honda HR-V VTi in a stylish grey finish, perfect for families seeking safety and practicality in their everyday transportation. This SUV comfortably seats five, providing ample space for both passengers and cargo. Equipped with modern features that enhance your driving experience, the HR-V is not only functional but also enjoyable to drive. With a 5 Star ANCAP Safety Rating, parents can have peace of mind knowing their loved ones are protected on the road. 

Key features of this model include:

- Bluetooth
- Reversing Camera
- Cruise Control
- 5 Star ANCAP Safety Rating

Whether you're running errands or heading out on a family adventure, the Honda HR-V VTi is the reliable choice for your family's needs. Visit us today to experience this remarkable vehicle for yourself.",https://www.carbuy.com.au/cars/used-grey-2017-honda-hr-v-u10074,Honda,HR-V,2017,80839,KM,AUTOMATIC,GASOLINE,SUV,NONE,MRHRU5830HP063885,EXCELLENT,18238.00 AUD,"{""addr1"":""190-192 Atherton Rd"",""city"":""Oakleigh"",""region"":""VIC"",""postal_code"":3166,""country"":""Australia""}",Grey,,AVAILABLE,USED,-37.90096,145.104713,https://joshhalsallcmg.github.io/carbuy-tiles/U10074_1x1_ddc1f419.jpg,https://joshhalsallcmg.github.io/carbuy-tiles/U10074_4x5_889c2166.jpg,ASPECT_RATIO_4_5_PREFERRED,https://joshhalsallcmg.github.io/carbuy-tiles/U10074_9x16_20b30fa5.jpg,STORY_PREFERRED,REELS_PREFERRED,ASPECT_RATIO_9_16_PREFERRED,https://d2s8i866417m9.cloudfront.net/photo/62816955/photo/medium-315819ed5e1c76d6b39aff546fcf97b3.jpg,original_photo
U10077,2025 Kia Stonic GT-Line YB,"Explore the versatility and practicality of the 2025 Kia Stonic GT-Line YB, a stylish black SUV that perfectly meets the needs of modern families. With seating for five, this vehicle is designed for comfort and functionality, making it an excellent choice for parents navigating daily routines. Equipped with advanced safety features and technology, the Stonic ensures a secure and enjoyable driving experience. Experience the convenience of Bluetooth connectivity and the peace of mind provided by the reversing camera and lane departure warning systems. Whether you're running errands or heading out on family adventures, the Stonic has you covered with its spacious interior and thoughtful design. 

Key features include:

Bluetooth  
Reversing Camera  
Cruise Control  
Lane Departure Warning  
Lane Keeping Active Assist  
Roof Rails  
Android Auto  
Apple CarPlay  
Sunroof  ",https://www.carbuy.com.au/cars/used-black-2025-kia-stonic-u10077,Kia,Stonic,2025,27906,KM,AUTOMATIC,GASOLINE,SUV,NONE,KNADD817VST077027,EXCELLENT,26988.00 AUD,"{""addr1"":""190-192 Atherton Rd"",""city"":""Oakleigh"",""region"":""VIC"",""postal_code"":3166,""country"":""Australia""}",Black,,AVAILABLE,USED,-37.90096,145.104713,https://joshhalsallcmg.github.io/carbuy-tiles/U10077_1x1_340dd6f0.jpg,https://joshhalsallcmg.github.io/carbuy-tiles/U10077_4x5_2d8056ee.jpg,ASPECT_RATIO_4_5_PREFERRED,https://joshhalsallcmg.github.io/carbuy-tiles/U10077_9x16_a42cacf2.jpg,STORY_PREFERRED,REELS_PREFERRED,ASPECT_RATIO_9_16_PREFERRED,https://d2s8i866417m9.cloudfront.net/photo/63290959/photo/medium-f1adc4daf6ad7dea2001cf8fb24d4146.jpg,original_photo
U10080,2021 Ford Mustang GT FN,"2 KEYS
COMPLETE FORD DEALERSHIP SERVICE HISTORY
EXCELLENT CONDITION
INSPECT & TEST DRIVE TODAY


Experience the thrill of driving with this stunning 2021 Ford Mustang GT FN Coupe. This high-performance sports car is engineered for driving enthusiasts, offering powerful performance and sport-tuned handling that will excite any driver. With its striking design and aggressive stance, the Mustang GT is not just about looks; it's built for rapid acceleration and an exhilarating driving experience. 

Inside, you'll find a host of features designed for comfort and convenience, making every journey a pleasure. The interior boasts premium leather seats and advanced technology, ensuring you stay connected and comfortable on the road. Don’t miss your chance to own this iconic coupe that combines style, performance, and cutting-edge features.

Key features include:

Climate Control  
Bluetooth  
Reversing Camera  
Heated Seats  
Keyless Start  
Lane Departure Warning  
Lane Keeping Active Assist  
Leather Seats  
Android Auto  
Apple CarPlay  ",https://www.carbuy.com.au/cars/used-2021-ford-mustang-u10080,Ford,Mustang,2021,49816,KM,AUTOMATIC,GASOLINE,COUPE,NONE,1FA6P8NF1M5145595,EXCELLENT,59988.00 AUD,"{""addr1"":""190-192 Atherton Rd"",""city"":""Oakleigh"",""region"":""VIC"",""postal_code"":3166,""country"":""Australia""}",Grey,,AVAILABLE,USED,-37.90096,145.104713,https://joshhalsallcmg.github.io/carbuy-tiles/U10080_1x1_e9966733.jpg,https://joshhalsallcmg.github.io/carbuy-tiles/U10080_4x5_ea98780e.jpg,ASPECT_RATIO_4_5_PREFERRED,https://joshhalsallcmg.github.io/carbuy-tiles/U10080_9x16_7eb17096.jpg,STORY_PREFERRED,REELS_PREFERRED,ASPECT_RATIO_9_16_PREFERRED,https://d2s8i866417m9.cloudfront.net/photo/64091391/photo/medium-e91ec57cfae3caa2cd03424081092c15.jpg,original_photo
U10084,2018 Ford Focus Titanium SA,"1 OWNER
2 KEYS
COMPLETE SERVICE HISTORY
TOP SPEC TITANIUM WITH THE PANORAMIC SUNROOF OPTION
EXCELLENT CONDITION
INSPECT & TEST DRIVE TODAY


Introducing the 2018 Ford Focus Titanium Hatch, a vehicle that combines style, practicality, and safety, making it a fantastic option for families with young children. With its spacious interior and impressive features, this car is designed to meet the demands of everyday life while ensuring a comfortable ride for all passengers. The Focus Titanium is equipped with advanced technology to keep you connected and safe on the road. Its high safety rating and practical features make it an excellent choice for those prioritising family needs.

Features include:  
- Climate Control  
- Bluetooth  
- Reversing Camera  
- Heated Seats  
- Keyless Start  
- Lane Departure Warning  
- Lane Keeping Active Assist  
- Leather Seats  
- Android Auto  
- Apple CarPlay  
- Wireless Charging  
- 5 Star ANCAP Safety Rating  

Experience the perfect blend of comfort and functionality with the Ford Focus Titanium. Visit us today to learn more and arrange a test drive.",https://www.carbuy.com.au/cars/used-grey-2018-ford-focus-u10084,Ford,Focus,2018,78475,KM,AUTOMATIC,GASOLINE,HATCHBACK,NONE,WF0NXXGCHNJR67328,EXCELLENT,20988.00 AUD,"{""addr1"":""190-192 Atherton Rd"",""city"":""Oakleigh"",""region"":""VIC"",""postal_code"":3166,""country"":""Australia""}",Grey,,AVAILABLE,USED,-37.90096,145.104713,https://joshhalsallcmg.github.io/carbuy-tiles/U10084_1x1_06410298.jpg,https://joshhalsallcmg.github.io/carbuy-tiles/U10084_4x5_c4ccf69f.jpg,ASPECT_RATIO_4_5_PREFERRED,https://joshhalsallcmg.github.io/carbuy-tiles/U10084_9x16_808906b5.jpg,STORY_PREFERRED,REELS_PREFERRED,ASPECT_RATIO_9_16_PREFERRED,https://d2s8i866417m9.cloudfront.net/photo/63976210/photo/medium-f95f01b9e2eea819ad8ac3b52836fdaf.jpg,original_photo
U10085,2024 Toyota RAV4 Cruiser AXAH54R,"1 OWNER
2 KEYS
COMPLETE TOYOTA DEALERSHIP SERVICE HISTORY
GREAT TYRES
2024 CRUISER WITH HYBRID AND AWD
EXCELLENT CONDITION
INSPECT & TEST DRIVE TODAY


Discover the perfect blend of practicality and innovation with the used Silver 2024 Toyota RAV4 Cruiser AXAH54R. This hybrid SUV is designed with families in mind, offering ample seating for five and a suite of features that enhance comfort and safety for everyday journeys. With its impressive 5 Star ANCAP Safety Rating, you can drive with confidence knowing your loved ones are well protected. 

The RAV4's rugged capability makes it an excellent choice for outdoor adventurers and those who enjoy exploring unpaved terrains. Its elevated ground clearance and 4WD capabilities ensure you're ready for any adventure, whether it's camping or rural living. Additionally, environmentally conscious buyers will appreciate the eco-friendly hybrid powertrain that helps reduce fuel costs and carbon footprint.

Key features of the 2024 Toyota RAV4 Cruiser include:

- Climate Control
- Bluetooth
- Reversing Camera
- Electric Seats
- Heated Seats
- Keyless Start
- Lane Departure Warning
- Lane Keeping Active Assist
- Leather Seats
- Roof Rails
- Android Auto
- Sunroof
- Wireless Charging
- 5 Star ANCAP Safety Rating

This vehicle is more than just transport; it's a lifestyle choice for those who value safety, comfort, and adventure. Come and experience the 2024 Toyota RAV4 Cruiser today!",https://www.carbuy.com.au/cars/used-silver-2024-toyota-rav4-u10085,Toyota,RAV4,2024,49070,KM,AUTOMATIC,HYBRID,SUV,NONE,JTMDW3FV10D256628,EXCELLENT,53488.00 AUD,"{""addr1"":""190-192 Atherton Rd"",""city"":""Oakleigh"",""region"":""VIC"",""postal_code"":3166,""country"":""Australia""}",Silver,,AVAILABLE,USED,-37.90096,145.104713,https://joshhalsallcmg.github.io/carbuy-tiles/U10085_1x1_d74dea13.jpg,https://joshhalsallcmg.github.io/carbuy-tiles/U10085_4x5_ad64abd5.jpg,ASPECT_RATIO_4_5_PREFERRED,https://joshhalsallcmg.github.io/carbuy-tiles/U10085_9x16_ee534c2a.jpg,STORY_PREFERRED,REELS_PREFERRED,ASPECT_RATIO_9_16_PREFERRED,https://d2s8i866417m9.cloudfront.net/photo/63890154/photo/medium-aa10bcd04adaac5b95f0ae79edcd5462.jpg,original_photo
U10087,2018 Suzuki Vitara S Turbo LY,"1 OWNER
2 KEYS
FULL SERVICE HISTORY
WHITE WITH BLACK WHEELS
REGISTRATION UNTIL APRIL 2027
INSPECT & TEST DRIVE TODAY


Introducing the 2018 Suzuki Vitara S Turbo LY, a versatile and stylish SUV that is perfect for families and everyday use. With a spacious interior and comfortable seating for five, this vehicle offers both practicality and comfort for parents with young children. The Vitara is equipped with an array of modern features to enhance your driving experience while ensuring safety on the road. Its 5 Star ANCAP Safety Rating provides peace of mind for families, making it a reliable choice for everyday transportation.

Key features of the Suzuki Vitara S Turbo include:

- Bluetooth  
- Reversing Camera  
- Cruise Control  
- Keyless Start  
- Leather Seats  
- Roof Rails  
- 5 Star ANCAP Safety Rating  

Don't miss out on the opportunity to own a vehicle that combines style, safety, and functionality, all while being enjoyable to drive. Visit us today to experience the Suzuki Vitara S Turbo for yourself!",https://www.carbuy.com.au/cars/used-white-2018-suzuki-vitara-u10087,Suzuki,Vitara,2018,62593,KM,AUTOMATIC,GASOLINE,SUV,NONE,TSMLYDA1S00452441,EXCELLENT,20738.00 AUD,"{""addr1"":""190-192 Atherton Rd"",""city"":""Oakleigh"",""region"":""VIC"",""postal_code"":3166,""country"":""Australia""}",White,,AVAILABLE,USED,-37.90096,145.104713,https://joshhalsallcmg.github.io/carbuy-tiles/U10087_1x1_78fe93c8.jpg,https://joshhalsallcmg.github.io/carbuy-tiles/U10087_4x5_98e573fd.jpg,ASPECT_RATIO_4_5_PREFERRED,https://joshhalsallcmg.github.io/carbuy-tiles/U10087_9x16_6c8e4936.jpg,STORY_PREFERRED,REELS_PREFERRED,ASPECT_RATIO_9_16_PREFERRED,https://d2s8i866417m9.cloudfront.net/photo/63125311/photo/medium-fb4e2c1678c34b12a76f97b879a2fdca.jpg,original_photo
U10091,2018 Toyota RAV4 Cruiser ASA44R,"1 OWNER FROM NEW
FULL SERVICE HISTORY
2 KEYS
TOP SPEC CRUISER MODEL WITH AWD
EXCELLENT CONDITION
TEST DRIVE TODAY


Introducing the stunning blue 2018 Toyota RAV4 Cruiser ASA44R, a versatile SUV that perfectly blends practicality and rugged capability. This vehicle is designed for families and outdoor enthusiasts alike, offering a spacious interior with five comfortable seats and ample storage for all your adventures. Equipped with advanced safety features and a 5 Star ANCAP Safety Rating, you can drive with confidence knowing your loved ones are protected.

The RAV4 Cruiser comes loaded with premium features that enhance your driving experience, making it a joy to drive both around town and off the beaten path. Whether you're navigating through urban environments or exploring remote locations, this SUV is ready for the journey ahead.

Key features of the 2018 Toyota RAV4 Cruiser include:

Climate Control  
Bluetooth  
Reversing Camera  
Electric Seats  
Heated Seats  
Keyless Start  
Lane Departure Warning  
Leather Seats  
Roof Rails  
Sunroof  
5 Star ANCAP Safety Rating  

Don't miss your chance to own this exceptional vehicle, perfect for everyday transportation and outdoor adventures. Come in for a test drive today!",https://www.carbuy.com.au/cars/used-blue-2018-toyota-rav4-u10091,Toyota,RAV4,2018,58803,KM,AUTOMATIC,GASOLINE,SUV,NONE,JTMDFREV00J210715,EXCELLENT,31988.00 AUD,"{""addr1"":""190-192 Atherton Rd"",""city"":""Oakleigh"",""region"":""VIC"",""postal_code"":3166,""country"":""Australia""}",Blue,,AVAILABLE,USED,-37.90096,145.104713,https://joshhalsallcmg.github.io/carbuy-tiles/U10091_1x1_28571f9c.jpg,https://joshhalsallcmg.github.io/carbuy-tiles/U10091_4x5_2f17e345.jpg,ASPECT_RATIO_4_5_PREFERRED,https://joshhalsallcmg.github.io/carbuy-tiles/U10091_9x16_9e1fed80.jpg,STORY_PREFERRED,REELS_PREFERRED,ASPECT_RATIO_9_16_PREFERRED,https://d2s8i866417m9.cloudfront.net/photo/63890033/photo/medium-8dae810a743d278524dd9cd9fa9dfab6.jpg,original_photo
U10094,2025 Hyundai Kona Hybrid Elite SX2.V3,"Introducing the 2025 Hyundai Kona Hybrid Elite SX2.V3, a versatile SUV that perfectly balances practicality with eco-friendly driving. This vehicle is tailored for families and parents who require a reliable and safe mode of transport for their everyday journeys. With its hybrid engine, you can enjoy reduced fuel costs while being kind to the environment. The Kona Hybrid comes well-equipped with a range of features that enhance comfort and convenience for both drivers and passengers alike.

Features include:

Climate Control  
Bluetooth  
Reversing Camera  
Heated Seats  
Keyless Start  
Lane Keeping Active Assist  
Leather Seats  
Roof Rails  

Experience the blend of style, functionality, and sustainability with this impressive Hyundai Kona Hybrid. Visit us today to learn more about this exceptional SUV!",https://www.carbuy.com.au/cars/used-white-2025-hyundai-kona-u10094,Hyundai,Kona,2025,7687,KM,AUTOMATIC,HYBRID,SUV,NONE,KMHHC811VTU177159,EXCELLENT,39988.00 AUD,"{""addr1"":""190-192 Atherton Rd"",""city"":""Oakleigh"",""region"":""VIC"",""postal_code"":3166,""country"":""Australia""}",White,,AVAILABLE,USED,-37.90096,145.104713,https://joshhalsallcmg.github.io/carbuy-tiles/U10094_1x1_b11c58ac.jpg,https://joshhalsallcmg.github.io/carbuy-tiles/U10094_4x5_ee07cc8d.jpg,ASPECT_RATIO_4_5_PREFERRED,https://joshhalsallcmg.github.io/carbuy-tiles/U10094_9x16_3ede5501.jpg,STORY_PREFERRED,REELS_PREFERRED,ASPECT_RATIO_9_16_PREFERRED,https://d2s8i866417m9.cloudfront.net/photo/63958985/photo/medium-726de907954e06bee8b9d9bb62053abd.jpg,original_photo
U10096,2020 Toyota RAV4 Edge AXAA54R,"1 OWNER
2 KEYS
GREAT TOYOTA DEALERSHIP SERVICE HISTORY
PANORAMIC MOONROOF OPTION
TOP SPEC EDGE MODEL WITH AWD
EXCELLENT CONDITION
INSPECT & TEST DRIVE TODAY


Discover the exceptional 2020 Toyota RAV4 Edge, a versatile SUV that perfectly combines style, safety, and practicality. This grey beauty is designed with families in mind, offering a spacious interior and a host of modern features that cater to daily adventures. Equipped with a petrol engine, this RAV4 provides a reliable and enjoyable driving experience.

Parents will appreciate the top-notch safety features, such as the 5 Star ANCAP Safety Rating, ensuring peace of mind on every journey. The generous seating for five makes it perfect for family outings, while the advanced technology and comfort features create an enjoyable atmosphere for both drivers and passengers.

Key features include:

- Climate Control
- Bluetooth
- Reversing Camera
- Heated Seats
- Keyless Start
- Lane Keeping Active Assist
- Roof Rails
- Android Auto
- Apple CarPlay
- Sunroof
- Wireless Charging
- 5 Star ANCAP Safety Rating

Experience the perfect blend of functionality and style with the 2020 Toyota RAV4 Edge, designed for the modern family.",https://www.carbuy.com.au/cars/used-grey-2020-toyota-rav4-u10096,Toyota,RAV4,2020,102039,KM,AUTOMATIC,GASOLINE,SUV,NONE,JTMJ13FV80D070182,EXCELLENT,35988.00 AUD,"{""addr1"":""190-192 Atherton Rd"",""city"":""Oakleigh"",""region"":""VIC"",""postal_code"":3166,""country"":""Australia""}",Grey,,AVAILABLE,USED,-37.90096,145.104713,https://joshhalsallcmg.github.io/carbuy-tiles/U10096_1x1_1ac305bf.jpg,https://joshhalsallcmg.github.io/carbuy-tiles/U10096_4x5_3442f66d.jpg,ASPECT_RATIO_4_5_PREFERRED,https://joshhalsallcmg.github.io/carbuy-tiles/U10096_9x16_447e0bce.jpg,STORY_PREFERRED,REELS_PREFERRED,ASPECT_RATIO_9_16_PREFERRED,https://d2s8i866417m9.cloudfront.net/photo/63976074/photo/medium-5e8bc29f295fee3a3f8502a2c371286e.jpg,original_photo
U7509,2025 Genesis GV80 3.5T AWD JX.V4,"1 OWNER VEHICLE
FULL SERVICE HISTORY
MATTERHORN WHITE
279 KW OF POWER AND 530 NM OF TORQUE
BANG AND OLUFSEN SOUND SYSTEM

Experience the pinnacle of luxury with this stunning 2025 Genesis GV80 3.5T AWD. This white coupe embodies elegance and sophistication, making it a perfect choice for those who appreciate premium vehicles from renowned brands. The refined engineering and superior materials used in this vehicle ensure a driving experience that is both comfortable and exhilarating. With advanced technology at your fingertips, including Bluetooth connectivity and a reversing camera, your journeys will be both enjoyable and safe. The electric seats provide the perfect blend of comfort and convenience, allowing you to customise your seating position effortlessly. Embrace the elevated status that comes with owning a Genesis GV80, where luxury meets performance.

Features include:

- Bluetooth
- Reversing Camera
- Electric Seats",https://www.carbuy.com.au/cars/used-white-2025-genesis-gv80-u7509,Genesis,GV80,2025,17417,KM,AUTOMATIC,GASOLINE,COUPE,NONE,KMTHB61CSSU276175,EXCELLENT,108988.00 AUD,"{""addr1"":""190-192 Atherton Rd"",""city"":""Oakleigh"",""region"":""VIC"",""postal_code"":3166,""country"":""Australia""}",White,,AVAILABLE,USED,-37.90096,145.104713,https://joshhalsallcmg.github.io/carbuy-tiles/U7509_1x1_3464f2d2.jpg,https://joshhalsallcmg.github.io/carbuy-tiles/U7509_4x5_8780e5b8.jpg,ASPECT_RATIO_4_5_PREFERRED,https://joshhalsallcmg.github.io/carbuy-tiles/U7509_9x16_046c6fe1.jpg,STORY_PREFERRED,REELS_PREFERRED,ASPECT_RATIO_9_16_PREFERRED,https://d2s8i866417m9.cloudfront.net/photo/63542215/photo/medium-ba289e7c4b96a5f06865e9bdcd07ef46.jpg,original_photo
U10097,2018 Mazda CX-9 Azami TC,"Introducing the stunning 2018 Mazda CX-9 Azami TC, a perfect blend of style, comfort, and practicality for larger families. With its spacious seven-seat configuration, this SUV caters to your needs whether you're carpooling the kids or heading out on family adventures. The luxurious interior features leather seats and heated seats to keep everyone comfortable on every journey. Safety is a top priority with a 5 Star ANCAP Safety Rating, Lane Departure Warning, and Lane Keeping Active Assist to provide peace of mind on the road. Stay connected with Bluetooth, Android Auto, and Apple CarPlay, while the sunroof adds a touch of elegance to your travels. Experience the convenience of Keyless Start and the reassurance of a Reversing Camera for effortless parking. 

Key features include:

Bluetooth  
Reversing Camera  
Electric Seats  
Heated Seats  
Keyless Start  
Lane Departure Warning  
Lane Keeping Active Assist  
Leather Seats  
Android Auto  
Apple CarPlay  
Sunroof  
7+ Seats  
5 Star ANCAP Safety Rating  

Don't miss out on this exceptional SUV that combines functionality with luxury for the modern family.",https://www.carbuy.com.au/cars/used-silver-2018-mazda-cx-9-u10097,Mazda,CX-9,2018,64726,KM,AUTOMATIC,GASOLINE,SUV,NONE,JM0TC4WLA00309315,EXCELLENT,29988.00 AUD,"{""addr1"":""190-192 Atherton Rd"",""city"":""Oakleigh"",""region"":""VIC"",""postal_code"":3166,""country"":""Australia""}",Silver,,AVAILABLE,USED,-37.90096,145.104713,https://joshhalsallcmg.github.io/carbuy-tiles/U10097_1x1_98c5b4c4.jpg,https://joshhalsallcmg.github.io/carbuy-tiles/U10097_4x5_0f337c58.jpg,ASPECT_RATIO_4_5_PREFERRED,https://joshhalsallcmg.github.io/carbuy-tiles/U10097_9x16_9fd7b309.jpg,STORY_PREFERRED,REELS_PREFERRED,ASPECT_RATIO_9_16_PREFERRED,https://d2s8i866417m9.cloudfront.net/photo/64506158/photo/medium-975418440cfee10e5496ac66bf549c66.jpg,original_photo
U10101,2021 Ford Ranger Wildtrak PX MkIII 4X4 2.0L,"Introducing the robust and versatile 2021 Ford Ranger Wildtrak PX MkIII, a used ute that perfectly balances work and play. With its powerful diesel engine and 4WD capability, this vehicle is tailor-made for tradespeople, contractors, and outdoor enthusiasts alike. The elevated ground clearance and rugged design make it a reliable companion for unpaved terrains, camping adventures, and rural living. 

Inside, you'll find a suite of modern features designed for comfort and convenience, ensuring every journey is enjoyable. From heated leather seats to advanced safety systems, this Ranger prioritises both driver and passenger experience.

Key features include:

Climate Control  
Bluetooth  
Reversing Camera  
Heated Seats  
Keyless Start  
Lane Departure Warning  
Lane Keeping Active Assist  
Leather Seats  
Roof Rails  
Android Auto  
Apple CarPlay  
5 Star ANCAP Safety Rating  

Don't miss your chance to experience the capability and comfort of this exceptional vehicle.",https://www.carbuy.com.au/cars/used-grey-2021-ford-ranger-u10101,Ford,Ranger,2021,94918,KM,AUTOMATIC,DIESEL,TRUCK,NONE,MPBUMFF60MX329759,EXCELLENT,36988.00 AUD,"{""addr1"":""190-192 Atherton Rd"",""city"":""Oakleigh"",""region"":""VIC"",""postal_code"":3166,""country"":""Australia""}",Grey,,AVAILABLE,USED,-37.90096,145.104713,https://joshhalsallcmg.github.io/carbuy-tiles/U10101_1x1_7e013269.jpg,https://joshhalsallcmg.github.io/carbuy-tiles/U10101_4x5_ea17d3a1.jpg,ASPECT_RATIO_4_5_PREFERRED,https://joshhalsallcmg.github.io/carbuy-tiles/U10101_9x16_a2b35e8c.jpg,STORY_PREFERRED,REELS_PREFERRED,ASPECT_RATIO_9_16_PREFERRED,https://d2s8i866417m9.cloudfront.net/photo/63915944/photo/medium-1d60f3ee0430bb6d3ed3e3d0239b2504.jpg,original_photo
U10106,2022 Hyundai Venue Elite QX.V4,"Introducing the 2022 Hyundai Venue Elite, a stylish and practical SUV designed with families in mind. This silver or chrome gem offers a fantastic combination of modern technology and safety features, making it an excellent choice for parents and families with young children. With comfortable seating for five, this vehicle is perfect for everyday transportation and weekend adventures alike. 

The Venue Elite is equipped with a range of features that enhance your driving experience and provide peace of mind. From Bluetooth connectivity to advanced safety systems, this SUV caters to your every need. Don't miss the chance to own this versatile vehicle that combines style, practicality, and safety.

Key features include:

- Bluetooth
- Reversing Camera
- Cruise Control
- Keyless Start
- Lane Departure Warning
- Lane Keeping Active Assist
- Roof Rails
- Android Auto
- Apple CarPlay",https://www.carbuy.com.au/cars/used-silver-or-chrome-2022-hyundai-venue-u10106,Hyundai,Venue,2022,51904,KM,AUTOMATIC,GASOLINE,SUV,NONE,KMHRC812MNU174889,EXCELLENT,21988.00 AUD,"{""addr1"":""190-192 Atherton Rd"",""city"":""Oakleigh"",""region"":""VIC"",""postal_code"":3166,""country"":""Australia""}",Silver,,AVAILABLE,USED,-37.90096,145.104713,https://joshhalsallcmg.github.io/carbuy-tiles/U10106_1x1_523a1ad1.jpg,https://joshhalsallcmg.github.io/carbuy-tiles/U10106_4x5_34a0d621.jpg,ASPECT_RATIO_4_5_PREFERRED,https://joshhalsallcmg.github.io/carbuy-tiles/U10106_9x16_68cb249e.jpg,STORY_PREFERRED,REELS_PREFERRED,ASPECT_RATIO_9_16_PREFERRED,https://d2s8i866417m9.cloudfront.net/photo/64198461/photo/medium-537e76170d0337e389a25d3778627eb1.jpg,original_photo
U10109,2020 Kia Cerato S BD,"1 PREVIOUS OWNER
2 KEYS
FULL SERVICE HISTORY
2020 COMPLIANCE
THIS VEHILCE COMES WITH THE SAFETY PACK - (BLIND SPOT MONITORING / LANE KEEP ASSIST & LANE DEPARTURE WARNING PLUS MUCH MORE)
VERY LOW KMS
INSPECT & TEST DRIVE TODAY !!


Introducing the 2019 Kia Cerato S BD in a stunning white finish. This practical hatchback is designed with families in mind, offering a spacious interior with five comfortable seats that make it perfect for everyday transportation. The Cerato is equipped with modern features that enhance safety and convenience, making it an excellent choice for parents with young children. With advanced technology such as Bluetooth connectivity, you can easily stay connected while on the go. The inclusion of a reversing camera adds an extra layer of safety when parking or reversing. Plus, the vehicle supports both Android Auto and Apple CarPlay, allowing seamless integration with your smartphone.

Key features of the 2019 Kia Cerato S BD include:

- Bluetooth
- Reversing Camera
- Cruise Control
- Android Auto
- Apple CarPlay

Experience the blend of practicality and technology that the Kia Cerato offers. Visit us today to learn more!",https://www.carbuy.com.au/cars/used-white-2020-kia-cerato-u10109,Kia,Cerato,2020,37056,KM,AUTOMATIC,GASOLINE,HATCHBACK,NONE,KNAF251CML5072786,EXCELLENT,20988.00 AUD,"{""addr1"":""190-192 Atherton Rd"",""city"":""Oakleigh"",""region"":""VIC"",""postal_code"":3166,""country"":""Australia""}",White,,AVAILABLE,USED,-37.90096,145.104713,https://joshhalsallcmg.github.io/carbuy-tiles/U10109_1x1_fe6727c7.jpg,https://joshhalsallcmg.github.io/carbuy-tiles/U10109_4x5_b338e1eb.jpg,ASPECT_RATIO_4_5_PREFERRED,https://joshhalsallcmg.github.io/carbuy-tiles/U10109_9x16_9b42ead7.jpg,STORY_PREFERRED,REELS_PREFERRED,ASPECT_RATIO_9_16_PREFERRED,https://d2s8i866417m9.cloudfront.net/photo/63976341/photo/medium-ee0ec0fbc04d55c453fc43a2103d8ca5.jpg,original_photo
U10121,2023 Hyundai Tucson Highlander NX4.V2,"1 OWNER
2 KEYS
COMPLETE HYUNDAI DEALERSHIP SERVICE HISTORY
TOP SPEC HIGHLANDER MODEL
EXCELLENT CONDITION
INSPECT & TEST DRIVE TODAY


Introducing the stunning 2023 Hyundai Tucson Highlander NX4.V2, a versatile SUV that combines modern features with practicality, making it the perfect choice for families. This spacious vehicle comfortably seats five and comes equipped with a range of features designed for both comfort and safety. The Tucson is not only stylish with its sleek white exterior but also boasts a 5 Star ANCAP Safety Rating, ensuring peace of mind for parents on the go. With advanced technology like Bluetooth connectivity and Apple CarPlay, staying connected during your journeys has never been easier. The luxurious leather seats and sunroof add a touch of elegance, while the heated seats and climate control keep everyone comfortable, no matter the weather.

Features include:

Climate Control  
Bluetooth  
Reversing Camera  
Electric Seats  
Heated Seats  
Lane Departure Warning  
Lane Keeping Active Assist  
Leather Seats  
Roof Rails  
Android Auto  
Apple CarPlay  
Sunroof  
Wireless Charging  
5 Star ANCAP Safety Rating  

This Hyundai Tucson is truly a family-friendly vehicle, designed to meet all your daily transportation needs. Come in for a test drive and experience the perfect blend of safety, comfort, and technology.",https://www.carbuy.com.au/cars/used-white-2023-hyundai-tucson-u10121,Hyundai,Tucson,2023,75698,KM,AUTOMATIC,GASOLINE,SUV,NONE,KMHJC81DMPU255637,EXCELLENT,32988.00 AUD,"{""addr1"":""190-192 Atherton Rd"",""city"":""Oakleigh"",""region"":""VIC"",""postal_code"":3166,""country"":""Australia""}",White,,AVAILABLE,USED,-37.90096,145.104713,https://joshhalsallcmg.github.io/carbuy-tiles/U10121_1x1_4b17704f.jpg,https://joshhalsallcmg.github.io/carbuy-tiles/U10121_4x5_1dbfea18.jpg,ASPECT_RATIO_4_5_PREFERRED,https://joshhalsallcmg.github.io/carbuy-tiles/U10121_9x16_cd573ca5.jpg,STORY_PREFERRED,REELS_PREFERRED,ASPECT_RATIO_9_16_PREFERRED,https://d2s8i866417m9.cloudfront.net/photo/63975932/photo/medium-75e1c59857bb7502ff94c67ffd785c10.jpg,original_photo
U10122,2024 Hyundai i30 Hybrid CN7.V2,"Introducing the 2024 Hyundai i30 Hybrid CN7.V2 in a stunning blue finish, designed to meet the needs of families and environmentally conscious individuals alike. This sedan is equipped with a hybrid engine, offering a practical solution for everyday transportation while minimising your carbon footprint. With five comfortable seats, it’s perfect for parents with young children, providing both safety and style. 

The i30 Hybrid comes loaded with features that enhance your driving experience and keep your family safe on the road. Enjoy the convenience of climate control and the connectivity of Bluetooth, along with advanced safety technologies such as Lane Departure Warning and Lane Keeping Active Assist. The vehicle also features a reversing camera for added peace of mind while parking. 

Stay connected on the go with Android Auto and Apple CarPlay, plus enjoy the convenience of wireless charging for your devices. 

Key Features:

- Climate Control
- Bluetooth
- Reversing Camera
- Lane Departure Warning
- Lane Keeping Active Assist
- Android Auto
- Apple CarPlay
- Wireless Charging",https://www.carbuy.com.au/cars/used-blue-2024-hyundai-i30-u10122,Hyundai,i30,2024,11765,KM,AUTOMATIC,HYBRID,SEDAN,NONE,KMHLN41JVSU129086,EXCELLENT,28488.00 AUD,"{""addr1"":""190-192 Atherton Rd"",""city"":""Oakleigh"",""region"":""VIC"",""postal_code"":3166,""country"":""Australia""}",Blue,,AVAILABLE,USED,-37.90096,145.104713,https://joshhalsallcmg.github.io/carbuy-tiles/U10122_1x1_c14fb24b.jpg,https://joshhalsallcmg.github.io/carbuy-tiles/U10122_4x5_ab2122c1.jpg,ASPECT_RATIO_4_5_PREFERRED,https://joshhalsallcmg.github.io/carbuy-tiles/U10122_9x16_df25a838.jpg,STORY_PREFERRED,REELS_PREFERRED,ASPECT_RATIO_9_16_PREFERRED,https://d2s8i866417m9.cloudfront.net/photo/64506285/photo/medium-e3e7dece03eef034c151143d67ce7f52.jpg,original_photo
U10123,2023 Toyota Hilux Workmate GUN125R 4X4,"Introducing the 2023 Toyota Hilux Workmate GUN125R, a versatile and robust Ute designed to meet the demands of tradespeople, contractors, and outdoor adventurers alike. This white powerhouse is equipped with a dependable Diesel engine, offering the durability and performance needed for hauling cargo, tools, and equipment. With its elevated ground clearance and rugged capability, it's perfect for tackling unpaved terrain, camping trips, and rural living. Enjoy modern conveniences such as Bluetooth connectivity and a Reversing Camera, ensuring safety and ease during your daily operations. With a 5-star ANCAP Safety Rating, you can trust that this vehicle prioritises your safety on every journey. Don’t miss out on the features that make this Hilux a reliable workhorse and an adventurous companion.

Features:
- Bluetooth
- Reversing Camera
- Lane Departure Warning
- Lane Keeping Active Assist
- Android Auto
- Apple CarPlay
- 5 Star ANCAP Safety Rating",https://www.carbuy.com.au/cars/used-white-2023-toyota-hilux-u10123,Toyota,Hilux,2023,40095,KM,AUTOMATIC,DIESEL,TRUCK,NONE,MR0DB3CD503753275,EXCELLENT,42988.00 AUD,"{""addr1"":""190-192 Atherton Rd"",""city"":""Oakleigh"",""region"":""VIC"",""postal_code"":3166,""country"":""Australia""}",White,,AVAILABLE,USED,-37.90096,145.104713,https://joshhalsallcmg.github.io/carbuy-tiles/U10123_1x1_10b1c265.jpg,https://joshhalsallcmg.github.io/carbuy-tiles/U10123_4x5_2bc48f60.jpg,ASPECT_RATIO_4_5_PREFERRED,https://joshhalsallcmg.github.io/carbuy-tiles/U10123_9x16_db73221e.jpg,STORY_PREFERRED,REELS_PREFERRED,ASPECT_RATIO_9_16_PREFERRED,https://d2s8i866417m9.cloudfront.net/photo/64413839/photo/medium-4e64c0ed1a63da384c5acbe02bbac45d.jpg,original_photo
U10130,2021 Toyota Yaris Cross GX MXPJ15R,"Introducing the 2021 Toyota Yaris Cross GX, an exceptional SUV that combines practicality and safety for families on the go. This hybrid vehicle not only provides a comfortable ride for up to five passengers but also ensures that you are making an eco-friendly choice. The Yaris Cross is perfect for parents with young children, offering the latest technology and safety features that give peace of mind during everyday travel. With its impressive 5 Star ANCAP Safety Rating, you can feel confident knowing that your family is protected. Additionally, the hybrid engine helps reduce fuel costs while minimising your environmental impact.

Key features include:

- Bluetooth
- Reversing Camera
- Lane Departure Warning
- Lane Keeping Active Assist
- Android Auto
- Apple CarPlay
- 5 Star ANCAP Safety Rating

Experience the perfect blend of style, safety, and sustainability with the Toyota Yaris Cross GX.",https://www.carbuy.com.au/cars/used-white-2021-toyota-yaris-cross-u10130,Toyota,Yaris Cross,2021,39859,KM,AUTOMATIC,HYBRID,SUV,NONE,JTDKCAC350L002191,EXCELLENT,29988.00 AUD,"{""addr1"":""190-192 Atherton Rd"",""city"":""Oakleigh"",""region"":""VIC"",""postal_code"":3166,""country"":""Australia""}",White,,AVAILABLE,USED,-37.90096,145.104713,https://joshhalsallcmg.github.io/carbuy-tiles/U10130_1x1_2c249e78.jpg,https://joshhalsallcmg.github.io/carbuy-tiles/U10130_4x5_eaadbc38.jpg,ASPECT_RATIO_4_5_PREFERRED,https://joshhalsallcmg.github.io/carbuy-tiles/U10130_9x16_7780aa48.jpg,STORY_PREFERRED,REELS_PREFERRED,ASPECT_RATIO_9_16_PREFERRED,https://d2s8i866417m9.cloudfront.net/photo/64413774/photo/medium-ee210c58058e23d2f5f9dbcdacd29aac.jpg,original_photo
U10134,2022 Subaru Forester 2.5i Sport S5,"Discover the versatility and comfort of the Used 2022 Subaru Forester 2.5i Sport, a perfect choice for families and outdoor enthusiasts alike. This SUV combines rugged capability with advanced safety features, making it an excellent option for parents with young children or those who love to explore unpaved terrains. With its elevated ground clearance and 4WD capabilities, you can confidently take on camping trips or rural adventures. The spacious interior comfortably accommodates five passengers while offering modern technology and conveniences that enhance your driving experience.

Key features of this Subaru Forester include:

- Climate Control
- Bluetooth
- Reversing Camera
- Electric Seats
- Heated Seats
- Keyless Start
- Lane Departure Warning
- Lane Keeping Active Assist
- Roof Rails
- Android Auto
- Apple CarPlay
- Sunroof
- 5 Star ANCAP Safety Rating

Experience the perfect blend of safety, practicality, and adventure with this exceptional SUV.",https://www.carbuy.com.au/cars/used-white-2022-subaru-forester-u10134,Subaru,Forester,2022,57647,KM,AUTOMATIC,GASOLINE,SUV,NONE,JF2SK9KL5NG079567,EXCELLENT,32488.00 AUD,"{""addr1"":""190-192 Atherton Rd"",""city"":""Oakleigh"",""region"":""VIC"",""postal_code"":3166,""country"":""Australia""}",White,,AVAILABLE,USED,-37.90096,145.104713,https://joshhalsallcmg.github.io/carbuy-tiles/U10134_1x1_a93bc4ba.jpg,https://joshhalsallcmg.github.io/carbuy-tiles/U10134_4x5_3c5ca21f.jpg,ASPECT_RATIO_4_5_PREFERRED,https://joshhalsallcmg.github.io/carbuy-tiles/U10134_9x16_8b322d4e.jpg,STORY_PREFERRED,REELS_PREFERRED,ASPECT_RATIO_9_16_PREFERRED,https://d2s8i866417m9.cloudfront.net/photo/64506297/photo/medium-3b1af6f3ff73665019dfc4f9a2a29b3e.jpg,original_photo
U10136,2024 Ford Ranger Wildtrak 4X4 3.0L,"Introducing the impressive 2024 Ford Ranger Wildtrak, a versatile used vehicle designed to meet the demands of both tradespeople and outdoor enthusiasts alike. This rugged Ute combines exceptional capability with comfort, making it perfect for hauling cargo, tools, and equipment, while also being ready for your next adventure. With its elevated ground clearance and robust 4WD system, you can confidently navigate unpaved terrain, tackle camping trips, or enjoy rural living.

Inside, the Ford Ranger Wildtrak offers a range of premium features to enhance your driving experience. Enjoy the convenience of modern technology and safety features that keep you connected and secure on the road. This vehicle is not just a workhorse; it’s also a comfortable ride for you and your passengers.

Key features include:

Climate Control  
Bluetooth  
Reversing Camera  
Heated Seats  
Keyless Start  
Lane Departure Warning  
Lane Keeping Active Assist  
Leather Seats  
Roof Rails  
Wireless Charging  
5 Star ANCAP Safety Rating  

Don't miss your chance to own this exceptional Ute that combines practicality with style and safety.",https://www.carbuy.com.au/cars/used-grey-2024-ford-ranger-u10136,Ford,Ranger,2024,44282,KM,AUTOMATIC,DIESEL,TRUCK,NONE,MPBCMFF70RX603455,EXCELLENT,58988.00 AUD,"{""addr1"":""190-192 Atherton Rd"",""city"":""Oakleigh"",""region"":""VIC"",""postal_code"":3166,""country"":""Australia""}",Grey,,AVAILABLE,USED,-37.90096,145.104713,https://joshhalsallcmg.github.io/carbuy-tiles/U10136_1x1_d599d797.jpg,https://joshhalsallcmg.github.io/carbuy-tiles/U10136_4x5_4351a127.jpg,ASPECT_RATIO_4_5_PREFERRED,https://joshhalsallcmg.github.io/carbuy-tiles/U10136_9x16_8f9aa641.jpg,STORY_PREFERRED,REELS_PREFERRED,ASPECT_RATIO_9_16_PREFERRED,https://d2s8i866417m9.cloudfront.net/photo/64505931/photo/medium-0d7ce8c930de924cfb5eee510d273cb2.jpg,original_photo
U10140,2017 Mazda 3 Maxx BN Series,"Discover the perfect blend of style, safety, and practicality with this stunning blue 2017 Mazda 3 Maxx BN Series Hatch. Designed with families in mind, this vehicle offers a spacious interior that comfortably seats five, making it a great choice for parents navigating daily routines. The Mazda 3 is equipped with a range of modern features that enhance your driving experience while prioritising safety.

With a 5 Star ANCAP Safety Rating, you can feel confident that your loved ones are well protected. The addition of Bluetooth connectivity allows for hands-free phone usage, while the reversing camera makes parking and manoeuvring a breeze. Enjoy the convenience of cruise control on longer trips, and with keyless start, getting on the road is simpler than ever.

Features include:  
- Bluetooth  
- Reversing Camera  
- Cruise Control  
- Keyless Start  
- 5 Star ANCAP Safety Rating  

Make every journey enjoyable and safe in this versatile Mazda 3.",https://www.carbuy.com.au/cars/used-blue-2017-mazda-3-u10140,Mazda,3,2017,51315,KM,AUTOMATIC,GASOLINE,HATCHBACK,NONE,JM0BN547810202371,EXCELLENT,20988.00 AUD,"{""addr1"":""190-192 Atherton Rd"",""city"":""Oakleigh"",""region"":""VIC"",""postal_code"":3166,""country"":""Australia""}",Blue,,AVAILABLE,USED,-37.90096,145.104713,https://joshhalsallcmg.github.io/carbuy-tiles/U10140_1x1_8d5ff6d0.jpg,https://joshhalsallcmg.github.io/carbuy-tiles/U10140_4x5_8451e68d.jpg,ASPECT_RATIO_4_5_PREFERRED,https://joshhalsallcmg.github.io/carbuy-tiles/U10140_9x16_596e4c49.jpg,STORY_PREFERRED,REELS_PREFERRED,ASPECT_RATIO_9_16_PREFERRED,https://d2s8i866417m9.cloudfront.net/photo/64506281/photo/medium-0fe3171aa7b653f70191799051ab77cd.jpg,original_photo
U10141,2025 Toyota Hiace GDH300R LWB,"Introducing the versatile 2025 Toyota Hiace GDH300R, a reliable van designed for tradespeople, contractors, and workers who require a robust work-focused vehicle. This used white Hiace features a powerful diesel engine and is built to handle heavy loads with ease, making it perfect for hauling cargo, tools, and equipment. Equipped with modern technology, it ensures that you stay connected and safe on the road. The spacious two-seat configuration offers ample room for your essentials while maintaining a practical layout for work-related tasks.

Key features of this vehicle include:

- Bluetooth
- Reversing Camera
- Cruise Control
- Lane Departure Warning
- Android Auto
- Apple CarPlay
- 5 Star ANCAP Safety Rating

Experience the perfect blend of performance, comfort, and safety with the 2025 Toyota Hiace GDH300R, designed to meet the demands of your work life.",https://www.carbuy.com.au/cars/used-white-2025-toyota-hiace-u10141,Toyota,Hiace,2025,16448,KM,AUTOMATIC,DIESEL,VAN,NONE,JTFRAAAW808088124,EXCELLENT,52988.00 AUD,"{""addr1"":""190-192 Atherton Rd"",""city"":""Oakleigh"",""region"":""VIC"",""postal_code"":3166,""country"":""Australia""}",White,,AVAILABLE,USED,-37.90096,145.104713,https://joshhalsallcmg.github.io/carbuy-tiles/U10141_1x1_9c10217c.jpg,https://joshhalsallcmg.github.io/carbuy-tiles/U10141_4x5_40e3517a.jpg,ASPECT_RATIO_4_5_PREFERRED,https://joshhalsallcmg.github.io/carbuy-tiles/U10141_9x16_5166ccd1.jpg,STORY_PREFERRED,REELS_PREFERRED,ASPECT_RATIO_9_16_PREFERRED,https://d2s8i866417m9.cloudfront.net/photo/64198438/photo/medium-4975c2031221b2b2fa1be879a1207fd6.jpg,original_photo
